Temperature,Humidity,Soil_Type,Crop_Type,N,P,K,Fertilizer
26,81,Sandy,Cassava,71,60,20,NPK
26,87,Clay,Cassava,74,74,87,Compost
23,69,Clay,Rice,52,1,87,DAP
31,59,Loamy,Rice,63,59,20,NPK
20,41,Loamy,Rice,88,48,90,Compost
29,57,Clay,Rice,61,46,61,Compost
38,73,Clay,Wheat,63,2,50,DAP
26,50,Sandy,Cassava,17,3,88,Urea
33,79,Loamy,Maize,89,52,1,NPK
39,57,Clay,Wheat,70,43,7,NPK
34,64,Loamy,Maize,35,49,3,NPK
21,35,Loamy,Rice,3,53,92,Urea
37,55,Loamy,Rice,61,99,13,NPK
35,44,Loamy,Cassava,61,39,84,Compost
35,74,Loamy,Cassava,52,23,25,DAP
32,70,Sandy,Cassava,44,64,88,Compost
26,38,Sandy,Wheat,7,87,62,Urea
30,80,Sandy,Wheat,34,34,32,Compost
24,71,Clay,Rice,40,27,6,DAP
28,37,Loamy,Maize,47,22,61,DAP
24,64,Loamy,Cassava,34,64,98,Compost
24,76,Loamy,Cassava,0,4,89,Urea
33,68,Clay,Maize,78,14,89,DAP
29,89,Sandy,Cassava,62,95,51,Compost
23,59,Sandy,Cassava,14,42,28,Urea
23,42,Clay,Cassava,85,27,65,DAP
29,74,Loamy,Maize,5,27,27,Urea
31,73,Loamy,Rice,74,91,88,Compost
26,62,Sandy,Maize,26,61,76,Urea
28,32,Clay,Rice,71,26,8,DAP
24,62,Clay,Rice,43,23,78,DAP
28,81,Sandy,Rice,57,51,11,NPK
26,31,Clay,Maize,55,80,58,Compost
36,31,Loamy,Wheat,53,86,95,Compost
20,30,Clay,Rice,1,52,43,Urea
25,61,Clay,Wheat,54,74,55,Compost
36,67,Sandy,Wheat,97,69,85,Compost
30,77,Sandy,Maize,58,69,79,Compost
22,49,Clay,Wheat,18,89,66,Urea
38,49,Clay,Wheat,32,39,38,Compost
37,69,Sandy,Cassava,91,56,88,Compost
37,52,Clay,Rice,41,98,6,NPK
35,55,Sandy,Wheat,59,1,0,DAP
35,41,Sandy,Maize,31,8,98,DAP
38,77,Clay,Wheat,23,53,32,Urea
39,40,Sandy,Wheat,35,37,83,Compost
22,77,Loamy,Maize,98,24,92,DAP
37,75,Loamy,Rice,53,34,79,Compost
28,65,Sandy,Wheat,32,13,20,DAP
35,49,Clay,Cassava,16,32,47,Urea
31,88,Clay,Rice,21,29,37,Urea
25,74,Clay,Rice,7,26,26,Urea
21,50,Loamy,Maize,27,63,96,Urea
24,89,Sandy,Wheat,18,3,34,Urea
36,46,Loamy,Maize,45,5,98,DAP
28,66,Sandy,Maize,45,52,94,Compost
22,89,Sandy,Wheat,62,84,31,Compost
20,32,Loamy,Maize,94,53,57,Compost
22,69,Loamy,Wheat,31,46,85,Compost
21,56,Loamy,Rice,89,16,32,DAP
28,72,Loamy,Wheat,38,92,41,Compost
22,79,Sandy,Wheat,12,59,6,Urea
23,74,Sandy,Wheat,15,13,75,Urea
38,52,Clay,Wheat,97,65,31,Compost
38,54,Loamy,Cassava,61,21,57,DAP
36,81,Loamy,Rice,14,53,59,Urea
24,62,Sandy,Wheat,4,67,5,Urea
32,61,Loamy,Cassava,98,54,39,Compost
39,45,Sandy,Rice,29,18,16,Urea
38,57,Loamy,Cassava,89,89,61,Compost
28,41,Sandy,Maize,57,0,33,DAP
35,54,Sandy,Maize,0,15,60,Urea
26,34,Loamy,Maize,66,75,25,NPK
35,80,Sandy,Rice,56,28,77,DAP
24,76,Sandy,Rice,61,68,75,Compost
35,55,Loamy,Wheat,84,38,99,Compost
20,59,Sandy,Cassava,9,68,99,Urea
21,81,Clay,Rice,18,57,95,Urea
20,85,Sandy,Maize,3,15,23,Urea
35,84,Loamy,Maize,91,31,90,Compost
39,53,Loamy,Cassava,32,32,60,Compost
38,72,Sandy,Wheat,66,64,32,Compost
27,39,Clay,Wheat,28,12,11,Urea
33,31,Sandy,Cassava,34,86,80,Compost
27,58,Loamy,Rice,89,33,6,NPK
23,87,Sandy,Rice,74,28,35,DAP
23,39,Sandy,Maize,23,63,98,Urea
36,64,Loamy,Maize,95,23,22,DAP
24,41,Sandy,Cassava,12,22,88,Urea
22,70,Loamy,Maize,61,83,88,Compost
32,88,Clay,Maize,99,11,60,DAP
28,48,Sandy,Cassava,27,77,94,Urea
39,48,Loamy,Cassava,15,68,98,Urea
31,54,Clay,Maize,99,52,22,NPK
35,86,Clay,Maize,52,41,57,Compost
26,43,Clay,Rice,4,34,86,Urea
30,40,Loamy,Cassava,75,8,73,DAP
31,46,Sandy,Rice,6,45,12,Urea
27,71,Sandy,Rice,26,65,4,Urea
24,67,Clay,Wheat,64,85,16,NPK
26,54,Sandy,Wheat,35,69,30,Compost
38,73,Loamy,Cassava,90,73,89,Compost
38,68,Loamy,Cassava,44,12,91,DAP
39,57,Sandy,Cassava,38,0,2,DAP
32,57,Loamy,Maize,62,24,55,DAP
20,67,Sandy,Rice,57,43,44,Compost
32,76,Sandy,Wheat,84,74,35,Compost
22,48,Sandy,Rice,46,48,13,NPK
34,60,Sandy,Maize,53,2,15,DAP
30,41,Loamy,Wheat,15,71,75,Urea
27,87,Loamy,Wheat,57,59,49,Compost
24,70,Clay,Rice,62,16,72,DAP
20,82,Sandy,Wheat,28,12,45,Urea
22,35,Loamy,Cassava,68,46,24,NPK
21,39,Loamy,Rice,4,32,64,Urea
37,61,Clay,Maize,10,84,25,Urea
36,42,Sandy,Rice,98,0,20,DAP
35,84,Loamy,Wheat,80,68,94,Compost
24,67,Clay,Maize,22,52,36,Urea
29,39,Clay,Maize,84,77,72,Compost
33,30,Clay,Maize,76,3,61,DAP
20,78,Loamy,Wheat,94,71,38,Compost
21,83,Loamy,Cassava,49,11,64,DAP
31,34,Loamy,Rice,56,16,46,DAP
34,66,Sandy,Rice,65,74,50,Compost
26,67,Loamy,Rice,49,97,81,Compost
34,56,Clay,Cassava,97,51,37,Compost
20,53,Clay,Wheat,29,50,80,Urea
24,58,Loamy,Wheat,16,73,16,Urea
39,53,Sandy,Rice,5,52,65,Urea
32,72,Clay,Wheat,74,22,54,DAP
35,60,Clay,Rice,15,7,3,Urea
27,33,Sandy,Cassava,95,66,26,NPK
37,87,Clay,Cassava,20,4,81,Urea
29,51,Sandy,Rice,0,4,11,Urea
33,63,Sandy,Rice,89,44,26,NPK
28,55,Sandy,Cassava,85,55,93,Compost
30,77,Sandy,Maize,25,35,0,Urea
27,78,Clay,Maize,51,78,46,Compost
33,55,Clay,Rice,87,1,25,DAP
33,88,Clay,Cassava,2,22,17,Urea
25,64,Clay,Cassava,63,88,27,NPK
29,68,Sandy,Maize,85,89,43,Compost
36,42,Sandy,Wheat,9,66,17,Urea
34,65,Clay,Rice,33,7,39,DAP
36,73,Clay,Rice,40,5,51,DAP
21,88,Clay,Maize,69,32,52,Compost
25,35,Clay,Wheat,3,93,74,Urea
28,84,Clay,Cassava,30,39,35,Compost
25,31,Clay,Wheat,78,5,93,DAP
25,80,Loamy,Maize,65,78,74,Compost
27,55,Clay,Maize,43,4,69,DAP
23,48,Sandy,Wheat,11,46,0,Urea
33,67,Sandy,Rice,10,99,76,Urea
30,32,Sandy,Rice,49,9,4,DAP
29,73,Loamy,Maize,39,1,83,DAP
20,66,Sandy,Maize,8,74,14,Urea
25,84,Clay,Rice,94,48,68,Compost
31,79,Loamy,Maize,74,8,33,DAP
31,64,Clay,Maize,39,63,21,NPK
27,40,Sandy,Maize,13,59,29,Urea
22,50,Sandy,Maize,82,77,25,NPK
23,54,Sandy,Rice,88,17,39,DAP
27,68,Loamy,Wheat,50,37,96,Compost
34,62,Sandy,Maize,96,65,77,Compost
27,69,Clay,Cassava,50,69,5,NPK
22,36,Clay,Wheat,41,63,14,NPK
34,58,Sandy,Wheat,93,26,35,DAP
25,86,Sandy,Maize,26,54,32,Urea
23,51,Loamy,Rice,4,73,96,Urea
25,42,Clay,Cassava,99,87,51,Compost
34,58,Sandy,Maize,46,67,75,Compost
32,31,Clay,Cassava,35,35,25,NPK
30,56,Sandy,Wheat,10,73,37,Urea
25,37,Clay,Cassava,89,45,11,NPK
32,69,Loamy,Rice,88,96,59,Compost
30,41,Sandy,Wheat,36,71,91,Compost
28,83,Clay,Maize,77,39,40,Compost
30,52,Sandy,Rice,20,89,35,Urea
20,83,Clay,Cassava,39,14,20,DAP
34,38,Sandy,Maize,73,51,56,Compost
28,64,Clay,Wheat,24,89,74,Urea
25,31,Clay,Rice,90,33,90,Compost
36,72,Clay,Wheat,50,53,23,NPK
26,81,Loamy,Maize,87,32,48,Compost
30,51,Loamy,Wheat,84,48,70,Compost
36,49,Sandy,Maize,19,85,91,Urea
27,78,Clay,Maize,95,12,93,DAP
38,88,Clay,Rice,31,29,28,DAP
36,74,Sandy,Rice,15,39,18,Urea
37,30,Loamy,Cassava,46,65,91,Compost
36,79,Loamy,Rice,50,62,3,NPK
20,37,Sandy,Cassava,2,31,9,Urea
29,48,Loamy,Rice,96,86,54,Compost
37,36,Sandy,Wheat,64,56,66,Compost
27,83,Sandy,Cassava,66,50,96,Compost
34,37,Loamy,Cassava,95,87,77,Compost
33,72,Sandy,Rice,84,13,94,DAP
35,47,Clay,Rice,6,32,22,Urea
38,77,Sandy,Cassava,35,28,59,DAP
37,31,Sandy,Cassava,68,19,10,DAP
29,31,Clay,Cassava,11,19,4,Urea
24,67,Loamy,Maize,97,52,43,Compost
22,81,Loamy,Rice,23,80,73,Urea
33,52,Sandy,Rice,80,13,8,DAP
27,31,Sandy,Maize,72,21,3,DAP
32,63,Clay,Maize,74,69,17,NPK
29,65,Sandy,Rice,33,16,36,DAP
25,87,Clay,Maize,85,84,26,NPK
25,56,Loamy,Wheat,52,70,9,NPK
32,46,Loamy,Maize,91,61,45,Compost
21,89,Loamy,Cassava,64,50,52,Compost
23,80,Loamy,Maize,20,10,39,Urea
30,65,Sandy,Cassava,38,98,53,Compost
21,84,Clay,Wheat,21,68,55,Urea
20,87,Clay,Wheat,82,98,80,Compost
32,72,Loamy,Maize,25,65,72,Urea
28,69,Sandy,Maize,88,60,42,Compost
27,71,Sandy,Cassava,34,2,43,DAP
38,59,Loamy,Rice,11,18,43,Urea
36,46,Loamy,Maize,54,46,11,NPK
35,53,Clay,Wheat,94,20,80,DAP
24,83,Loamy,Wheat,24,81,88,Urea
31,44,Clay,Rice,25,46,31,Urea
29,45,Clay,Maize,22,25,84,Urea
26,43,Clay,Maize,6,8,47,Urea
27,79,Clay,Cassava,92,81,94,Compost
39,68,Clay,Rice,58,16,13,DAP
22,73,Sandy,Rice,2,36,42,Urea
27,55,Clay,Cassava,38,14,3,DAP
32,47,Sandy,Wheat,41,65,54,Compost
22,71,Loamy,Rice,12,12,17,Urea
22,88,Clay,Rice,28,61,92,Urea
31,86,Clay,Maize,9,29,24,Urea
26,49,Sandy,Maize,93,48,2,NPK
32,43,Loamy,Rice,67,17,61,DAP
24,54,Sandy,Maize,78,72,14,NPK
36,86,Clay,Rice,36,60,42,Compost
25,68,Clay,Rice,87,10,61,DAP
32,63,Sandy,Cassava,51,3,58,DAP
27,49,Sandy,Cassava,53,73,97,Compost
28,78,Loamy,Cassava,5,4,4,Urea
34,52,Sandy,Maize,98,19,60,DAP
29,64,Loamy,Rice,61,16,87,DAP
22,61,Clay,Rice,12,88,72,Urea
23,43,Sandy,Rice,10,55,66,Urea
28,32,Sandy,Rice,75,41,8,NPK
34,69,Sandy,Maize,10,58,97,Urea
34,67,Clay,Maize,47,89,17,NPK
25,66,Sandy,Wheat,68,76,80,Compost
37,69,Sandy,Wheat,61,92,57,Compost
22,85,Loamy,Wheat,90,76,32,Compost
25,53,Clay,Wheat,39,91,96,Compost
35,70,Sandy,Cassava,44,88,52,Compost
29,65,Clay,Cassava,37,59,6,NPK
24,72,Sandy,Rice,30,22,41,DAP
29,61,Clay,Maize,29,38,30,Urea
37,65,Loamy,Rice,76,92,11,NPK
26,31,Sandy,Rice,26,16,94,Urea
21,89,Sandy,Cassava,69,82,29,NPK
26,39,Sandy,Wheat,97,62,27,NPK
34,59,Sandy,Maize,21,67,19,Urea
23,79,Clay,Wheat,16,11,21,Urea
36,39,Loamy,Maize,21,89,81,Urea
37,43,Clay,Maize,75,35,98,Compost
39,41,Clay,Maize,10,32,5,Urea
34,44,Clay,Cassava,57,86,25,NPK
21,75,Loamy,Maize,3,80,98,Urea
32,70,Clay,Cassava,28,28,74,Urea
39,61,Loamy,Cassava,77,83,21,NPK
30,56,Clay,Maize,55,91,92,Compost
34,45,Sandy,Cassava,83,5,18,DAP
24,32,Clay,Maize,57,37,14,NPK
21,64,Sandy,Maize,23,11,17,Urea
34,73,Clay,Wheat,59,45,88,Compost
36,58,Sandy,Wheat,78,26,45,DAP
37,81,Clay,Cassava,92,63,43,Compost
22,49,Loamy,Cassava,24,93,77,Urea
26,46,Loamy,Wheat,83,99,8,NPK
25,77,Sandy,Wheat,62,85,1,NPK
27,40,Sandy,Maize,71,20,17,DAP
37,75,Clay,Cassava,37,31,10,NPK
32,54,Sandy,Wheat,40,7,10,DAP
38,53,Sandy,Maize,75,45,31,Compost
34,45,Loamy,Rice,91,19,32,DAP
29,69,Loamy,Wheat,96,1,96,DAP
20,70,Sandy,Rice,32,76,25,NPK
26,31,Loamy,Cassava,89,45,14,NPK
21,71,Clay,Wheat,48,74,60,Compost
22,88,Loamy,Maize,5,72,94,Urea
28,79,Loamy,Wheat,61,83,61,Compost
34,88,Clay,Cassava,74,83,79,Compost
23,35,Loamy,Rice,25,2,40,Urea
29,43,Clay,Rice,11,86,11,Urea
32,54,Sandy,Cassava,18,54,99,Urea
32,37,Sandy,Cassava,52,54,31,Compost
38,73,Loamy,Rice,17,82,21,Urea
24,61,Sandy,Cassava,2,27,73,Urea
38,64,Sandy,Maize,53,62,78,Compost
20,36,Sandy,Rice,84,30,57,Compost
39,66,Loamy,Wheat,59,23,49,DAP
36,80,Sandy,Wheat,97,99,65,Compost
34,63,Loamy,Cassava,41,57,11,NPK
22,74,Loamy,Wheat,20,14,96,Urea
22,55,Loamy,Cassava,41,43,13,NPK
33,31,Clay,Maize,68,37,40,Compost
34,43,Clay,Maize,83,1,69,DAP
36,88,Sandy,Maize,27,65,34,Urea
24,34,Clay,Maize,39,75,55,Compost
23,74,Clay,Cassava,30,10,9,DAP
22,83,Loamy,Wheat,73,92,9,NPK
31,59,Sandy,Maize,4,19,7,Urea
30,41,Sandy,Maize,63,83,27,NPK
30,66,Clay,Maize,75,36,48,Compost
36,85,Clay,Cassava,5,60,19,Urea
37,43,Loamy,Maize,36,19,25,DAP
20,84,Clay,Rice,58,68,32,Compost
36,80,Loamy,Wheat,19,52,87,Urea
30,63,Sandy,Rice,28,56,38,Urea
34,72,Loamy,Cassava,43,37,83,Compost
32,81,Loamy,Rice,7,84,0,Urea
27,58,Loamy,Maize,85,46,33,Compost
20,84,Clay,Rice,42,73,29,NPK
37,47,Sandy,Rice,7,46,75,Urea
27,54,Loamy,Wheat,32,0,18,DAP
35,43,Sandy,Wheat,68,89,61,Compost
21,79,Loamy,Cassava,72,32,40,Compost
35,42,Sandy,Maize,76,30,74,Compost
23,63,Sandy,Rice,3,18,69,Urea
21,47,Sandy,Maize,22,82,74,Urea
20,53,Loamy,Rice,70,88,84,Compost
34,30,Loamy,Cassava,14,20,18,Urea
20,78,Sandy,Cassava,43,89,10,NPK
22,37,Loamy,Rice,73,65,45,Compost
28,32,Sandy,Rice,71,47,65,Compost
25,57,Sandy,Maize,25,24,11,Urea
24,63,Sandy,Cassava,43,99,14,NPK
30,77,Clay,Rice,45,42,20,NPK
30,84,Clay,Maize,14,24,35,Urea
30,80,Clay,Wheat,20,12,85,Urea
38,63,Loamy,Maize,67,51,26,NPK
34,57,Clay,Wheat,15,35,29,Urea
37,31,Sandy,Maize,3,89,88,Urea
30,36,Clay,Wheat,73,38,12,NPK
26,85,Sandy,Rice,60,41,55,Compost
23,49,Loamy,Cassava,53,0,43,DAP
32,71,Clay,Cassava,12,21,20,Urea
28,55,Sandy,Cassava,9,87,41,Urea
27,53,Sandy,Rice,90,36,67,Compost
37,53,Clay,Wheat,59,38,73,Compost
37,48,Loamy,Maize,54,68,46,Compost
36,64,Loamy,Maize,20,80,21,Urea
35,66,Clay,Cassava,91,70,31,Compost
30,39,Sandy,Rice,76,56,24,NPK
21,64,Clay,Maize,17,66,41,Urea
26,70,Sandy,Cassava,23,59,45,Urea
38,33,Loamy,Rice,41,31,38,Compost
32,75,Sandy,Maize,35,2,72,DAP
27,62,Clay,Rice,40,67,12,NPK
36,89,Loamy,Wheat,4,43,26,Urea
27,67,Loamy,Cassava,43,57,2,NPK
25,31,Clay,Wheat,1,80,34,Urea
21,52,Loamy,Wheat,7,21,43,Urea
23,34,Sandy,Maize,30,46,54,Compost
35,71,Loamy,Rice,54,15,11,DAP
36,45,Clay,Wheat,29,22,91,Urea
38,69,Loamy,Maize,83,64,29,NPK
39,35,Loamy,Rice,71,31,32,Compost
35,41,Loamy,Wheat,97,13,35,DAP
20,52,Loamy,Maize,65,84,1,NPK
28,30,Clay,Cassava,51,61,22,NPK
23,47,Clay,Rice,34,21,42,DAP
34,51,Sandy,Wheat,11,48,41,Urea
25,47,Sandy,Cassava,29,87,29,Urea
33,35,Clay,Wheat,6,51,13,Urea
28,44,Sandy,Cassava,65,90,1,NPK
22,47,Loamy,Wheat,81,9,24,DAP
21,54,Sandy,Rice,32,35,94,Compost
33,30,Loamy,Wheat,53,51,2,NPK
22,70,Loamy,Maize,12,97,7,Urea
21,33,Sandy,Cassava,67,44,59,Compost
31,61,Sandy,Cassava,77,19,17,DAP
25,61,Sandy,Cassava,1,59,22,Urea
38,60,Clay,Maize,82,33,9,NPK
21,40,Loamy,Maize,30,55,78,Compost
28,52,Clay,Maize,98,20,72,DAP
33,80,Clay,Wheat,15,96,3,Urea
23,68,Sandy,Maize,51,92,51,Compost
23,89,Loamy,Cassava,49,62,62,Compost
22,36,Clay,Wheat,85,13,70,DAP
24,51,Sandy,Rice,54,1,61,DAP
25,44,Sandy,Rice,86,57,38,Compost
24,30,Sandy,Maize,89,84,52,Compost
37,66,Sandy,Wheat,35,80,98,Compost
36,89,Clay,Cassava,20,51,54,Urea
23,63,Loamy,Wheat,98,92,51,Compost
25,71,Sandy,Rice,12,63,16,Urea
28,70,Sandy,Rice,59,47,28,NPK
20,39,Loamy,Rice,59,20,27,DAP
30,84,Loamy,Wheat,58,85,71,Compost
36,44,Sandy,Wheat,86,87,44,Compost
38,34,Sandy,Cassava,7,76,71,Urea
30,30,Sandy,Cassava,23,98,23,Urea
36,34,Sandy,Wheat,57,30,99,Compost
30,81,Clay,Cassava,6,27,50,Urea
30,87,Sandy,Maize,93,95,7,NPK
29,67,Clay,Wheat,91,80,94,Compost
27,69,Sandy,Maize,65,78,49,Compost
22,78,Loamy,Wheat,77,40,88,Compost
37,39,Sandy,Wheat,11,90,1,Urea
32,82,Clay,Wheat,31,31,97,Compost
30,39,Clay,Maize,39,17,54,DAP
28,54,Clay,Rice,88,21,29,DAP
39,50,Clay,Rice,20,98,31,Urea
26,78,Sandy,Cassava,17,20,12,Urea
27,75,Loamy,Cassava,22,95,74,Urea
30,54,Loamy,Wheat,28,12,81,Urea
21,58,Sandy,Cassava,51,26,49,DAP
34,80,Clay,Wheat,43,76,21,NPK
30,66,Sandy,Maize,55,2,62,DAP
38,52,Sandy,Rice,38,24,7,DAP
29,87,Sandy,Wheat,4,2,64,Urea
23,69,Clay,Wheat,63,97,88,Compost
29,50,Loamy,Cassava,90,26,65,DAP
28,77,Sandy,Maize,35,85,89,Compost
31,46,Loamy,Rice,33,52,19,NPK
30,45,Clay,Cassava,69,55,82,Compost
24,87,Clay,Maize,3,19,9,Urea
22,55,Sandy,Rice,84,53,20,NPK
29,67,Loamy,Wheat,59,56,44,Compost
39,46,Clay,Cassava,3,92,13,Urea
22,53,Sandy,Wheat,57,54,3,NPK
21,59,Loamy,Cassava,30,59,59,Compost
38,78,Clay,Rice,82,21,23,DAP
32,41,Loamy,Rice,30,99,63,Compost
38,77,Sandy,Wheat,93,54,54,Compost
20,47,Clay,Wheat,91,46,74,Compost
32,62,Sandy,Rice,3,19,46,Urea
34,35,Clay,Rice,74,8,89,DAP
35,34,Sandy,Wheat,60,9,49,DAP
22,42,Clay,Maize,93,69,80,Compost
32,80,Sandy,Cassava,41,34,45,Compost
38,34,Sandy,Wheat,36,83,48,Compost
29,34,Loamy,Rice,3,38,34,Urea
20,53,Sandy,Wheat,69,40,53,Compost
33,89,Sandy,Cassava,83,23,88,DAP
23,50,Loamy,Wheat,29,85,91,Urea
26,64,Clay,Wheat,13,9,79,Urea
35,83,Clay,Rice,88,76,69,Compost
31,38,Sandy,Wheat,55,83,81,Compost
30,86,Sandy,Wheat,49,32,90,Compost
26,35,Clay,Cassava,81,31,74,Compost
39,53,Clay,Wheat,70,20,41,DAP
31,85,Loamy,Maize,36,57,20,NPK
37,34,Clay,Cassava,89,36,87,Compost
36,48,Clay,Maize,84,11,60,DAP
28,62,Loamy,Maize,67,70,85,Compost
20,46,Sandy,Maize,97,27,57,DAP
30,70,Clay,Rice,48,16,97,DAP
25,75,Loamy,Rice,64,73,84,Compost
24,31,Loamy,Wheat,56,65,73,Compost
21,45,Clay,Maize,38,85,75,Compost
34,69,Loamy,Wheat,58,9,98,DAP
38,78,Clay,Maize,19,25,67,Urea
33,81,Loamy,Cassava,84,78,85,Compost
39,57,Loamy,Cassava,39,57,27,NPK
36,31,Sandy,Wheat,2,71,43,Urea
20,71,Clay,Rice,38,51,22,NPK
37,72,Clay,Maize,50,10,11,DAP
29,37,Sandy,Wheat,84,71,54,Compost
28,76,Clay,Wheat,81,41,59,Compost
39,35,Loamy,Cassava,79,2,2,DAP
37,72,Loamy,Maize,91,0,7,DAP
24,61,Clay,Maize,3,93,69,Urea
33,83,Clay,Wheat,8,11,10,Urea
33,84,Sandy,Cassava,20,29,12,Urea
21,33,Loamy,Rice,94,58,26,NPK
24,54,Clay,Maize,67,24,19,DAP
21,55,Loamy,Rice,4,98,60,Urea
28,81,Loamy,Rice,5,82,59,Urea
31,86,Clay,Rice,46,72,84,Compost
21,51,Clay,Wheat,91,29,89,DAP
35,50,Loamy,Rice,32,84,34,Compost
39,63,Sandy,Cassava,46,81,57,Compost
30,86,Clay,Wheat,21,16,68,Urea
31,40,Loamy,Cassava,90,34,32,Compost
39,45,Loamy,Rice,98,39,27,NPK
34,68,Loamy,Maize,19,0,71,Urea
22,33,Loamy,Maize,46,37,14,NPK
22,86,Sandy,Maize,45,13,99,DAP
31,46,Clay,Maize,98,76,78,Compost
37,80,Sandy,Rice,90,22,58,DAP
21,85,Loamy,Rice,13,99,71,Urea
22,48,Loamy,Cassava,77,83,24,NPK
27,53,Loamy,Rice,86,21,47,DAP
38,75,Clay,Cassava,41,18,72,DAP
39,74,Clay,Rice,62,72,18,NPK
34,81,Loamy,Wheat,37,52,60,Compost
23,69,Sandy,Rice,8,63,32,Urea
39,54,Loamy,Cassava,52,98,58,Compost
33,59,Sandy,Wheat,67,91,7,NPK
21,70,Sandy,Rice,85,40,54,Compost
35,58,Loamy,Maize,47,29,11,DAP
22,40,Loamy,Rice,84,20,68,DAP
35,49,Sandy,Cassava,43,32,72,Compost
28,33,Clay,Maize,97,87,95,Compost
20,37,Sandy,Cassava,46,39,75,Compost
31,75,Clay,Cassava,18,25,51,Urea
27,50,Clay,Rice,19,28,50,Urea
23,84,Clay,Wheat,27,3,21,Urea
31,74,Clay,Rice,65,87,33,Compost
28,30,Clay,Rice,5,85,24,Urea
37,46,Sandy,Wheat,5,89,26,Urea
27,48,Loamy,Maize,56,92,98,Compost
27,43,Clay,Wheat,83,55,48,Compost
32,67,Sandy,Rice,61,7,42,DAP
39,89,Sandy,Rice,38,84,48,Compost
29,72,Loamy,Rice,8,87,36,Urea
36,70,Sandy,Wheat,20,50,58,Urea
26,84,Sandy,Cassava,12,63,10,Urea
33,48,Clay,Maize,45,44,0,NPK
27,73,Clay,Wheat,71,71,60,Compost
32,41,Sandy,Wheat,32,44,89,Compost
26,57,Loamy,Maize,7,24,90,Urea
33,52,Loamy,Maize,46,86,48,Compost
34,49,Loamy,Rice,65,67,93,Compost
20,65,Loamy,Maize,18,27,39,Urea
39,78,Sandy,Wheat,14,40,38,Urea
21,58,Sandy,Rice,65,50,74,Compost
32,39,Loamy,Rice,50,72,38,Compost
22,49,Loamy,Cassava,1,92,37,Urea
22,45,Loamy,Wheat,1,80,40,Urea
31,64,Clay,Maize,54,44,78,Compost
24,50,Loamy,Maize,94,24,22,DAP
25,57,Sandy,Rice,17,35,98,Urea
32,84,Sandy,Maize,29,59,97,Urea
22,32,Clay,Maize,62,22,74,DAP
35,61,Loamy,Cassava,56,99,32,Compost
26,63,Sandy,Cassava,67,36,55,Compost
20,30,Clay,Wheat,18,28,73,Urea
37,57,Clay,Cassava,94,90,10,NPK
36,78,Loamy,Wheat,68,7,33,DAP
35,81,Loamy,Maize,30,3,49,DAP
24,59,Clay,Cassava,74,44,3,NPK
33,83,Clay,Wheat,90,50,49,Compost
25,88,Sandy,Cassava,29,41,36,Urea
29,89,Sandy,Cassava,86,5,67,DAP
37,89,Sandy,Maize,28,76,58,Urea
34,81,Sandy,Maize,95,21,67,DAP
24,66,Sandy,Maize,12,33,85,Urea
38,32,Loamy,Rice,31,50,84,Compost
33,73,Sandy,Wheat,10,67,0,Urea
22,42,Clay,Rice,10,99,50,Urea
36,64,Loamy,Wheat,85,23,18,DAP
24,68,Sandy,Wheat,27,4,16,Urea
24,65,Loamy,Cassava,63,90,97,Compost
30,83,Sandy,Cassava,11,20,10,Urea
26,57,Sandy,Maize,55,19,40,DAP
33,87,Loamy,Maize,18,25,47,Urea
31,73,Loamy,Cassava,54,99,74,Compost
20,53,Clay,Cassava,26,74,63,Urea
38,79,Sandy,Cassava,52,77,90,Compost
37,57,Clay,Cassava,3,6,34,Urea
35,38,Sandy,Maize,80,96,95,Compost
27,48,Clay,Rice,66,58,68,Compost
32,76,Loamy,Maize,30,79,95,Compost
30,32,Loamy,Rice,41,63,20,NPK
35,41,Loamy,Maize,23,34,55,Urea
34,64,Clay,Rice,7,25,70,Urea
26,32,Sandy,Wheat,24,36,0,Urea
34,66,Sandy,Wheat,7,4,59,Urea
28,30,Clay,Rice,62,22,8,DAP
21,75,Loamy,Wheat,3,29,94,Urea
25,40,Clay,Wheat,2,13,59,Urea
32,74,Loamy,Maize,60,82,15,NPK
21,69,Sandy,Cassava,33,15,59,DAP
21,31,Loamy,Maize,55,30,33,Compost
26,32,Clay,Rice,54,26,92,DAP
26,82,Clay,Maize,16,29,52,Urea
32,50,Clay,Maize,18,56,24,Urea
36,84,Clay,Wheat,61,73,9,NPK
23,37,Loamy,Wheat,19,31,13,Urea
37,57,Loamy,Wheat,52,23,78,DAP
23,42,Clay,Cassava,7,81,11,Urea
33,63,Loamy,Wheat,97,74,75,Compost
36,44,Sandy,Cassava,92,25,17,DAP
25,46,Clay,Wheat,49,7,40,DAP
25,34,Sandy,Wheat,28,27,10,Urea
20,72,Clay,Maize,26,33,43,Urea
23,65,Loamy,Cassava,50,12,82,DAP
36,35,Clay,Maize,16,57,86,Urea
20,89,Clay,Maize,54,9,46,DAP
30,42,Sandy,Maize,23,10,16,Urea
23,76,Sandy,Rice,72,20,83,DAP
38,48,Sandy,Rice,16,47,27,Urea
28,64,Clay,Wheat,17,77,98,Urea
31,70,Clay,Maize,12,81,12,Urea
23,60,Loamy,Wheat,8,72,37,Urea
30,83,Loamy,Maize,99,86,44,Compost
32,63,Sandy,Wheat,7,6,35,Urea
37,32,Loamy,Wheat,43,20,27,DAP
27,83,Loamy,Maize,99,20,98,DAP
32,86,Sandy,Rice,53,9,52,DAP
31,76,Sandy,Rice,45,12,36,DAP
25,53,Loamy,Rice,80,99,13,NPK
29,64,Sandy,Cassava,16,11,53,Urea
39,53,Sandy,Cassava,24,99,59,Urea
25,30,Clay,Wheat,15,46,80,Urea
27,57,Loamy,Wheat,26,52,41,Urea
34,59,Sandy,Rice,36,5,6,DAP
20,84,Loamy,Cassava,56,11,15,DAP
35,72,Sandy,Wheat,76,6,99,DAP
34,80,Sandy,Wheat,74,7,96,DAP
27,74,Loamy,Cassava,3,66,28,Urea
28,58,Loamy,Rice,27,76,78,Urea
31,55,Loamy,Wheat,8,4,55,Urea
39,79,Clay,Cassava,31,27,21,DAP
28,46,Clay,Rice,70,56,25,NPK
29,88,Sandy,Cassava,10,76,52,Urea
27,69,Clay,Cassava,27,74,64,Urea
36,76,Loamy,Wheat,53,59,56,Compost
34,60,Sandy,Rice,25,4,83,Urea
39,70,Clay,Wheat,53,32,49,Compost
25,56,Loamy,Cassava,95,60,20,NPK
33,34,Loamy,Rice,61,85,61,Compost
37,43,Loamy,Rice,12,94,93,Urea
22,59,Loamy,Maize,7,43,32,Urea
36,77,Clay,Maize,49,10,94,DAP
31,35,Sandy,Wheat,67,98,47,Compost
31,40,Sandy,Maize,17,18,86,Urea
25,83,Loamy,Rice,5,3,28,Urea
21,46,Clay,Cassava,79,65,33,Compost
27,42,Loamy,Wheat,93,95,99,Compost
34,59,Sandy,Cassava,38,80,58,Compost
39,53,Loamy,Rice,92,85,43,Compost
28,66,Loamy,Wheat,91,27,41,DAP
30,50,Loamy,Wheat,65,54,71,Compost
35,56,Loamy,Maize,26,92,66,Urea
31,42,Sandy,Rice,99,8,53,DAP
21,80,Sandy,Wheat,88,92,70,Compost
36,32,Sandy,Rice,34,98,90,Compost
33,46,Loamy,Maize,92,83,52,Compost
37,33,Sandy,Rice,0,57,25,Urea
32,49,Clay,Rice,58,74,40,Compost
28,34,Loamy,Maize,16,21,97,Urea
32,70,Sandy,Wheat,68,10,55,DAP
38,50,Clay,Wheat,25,18,59,Urea
26,76,Clay,Cassava,25,39,4,Urea
33,33,Clay,Rice,83,14,92,DAP
27,70,Clay,Wheat,45,27,90,DAP
23,87,Clay,Cassava,36,0,66,DAP
34,53,Clay,Wheat,62,60,35,Compost
21,58,Loamy,Wheat,66,33,56,Compost
36,52,Sandy,Wheat,22,68,94,Urea
28,86,Sandy,Maize,59,53,69,Compost
24,86,Loamy,Wheat,6,37,84,Urea
39,32,Clay,Rice,46,67,91,Compost
31,67,Clay,Cassava,35,40,68,Compost
32,52,Loamy,Rice,29,61,24,Urea
35,56,Clay,Rice,56,46,99,Compost
26,45,Loamy,Maize,53,20,71,DAP
36,45,Clay,Cassava,30,41,73,Compost
21,38,Sandy,Cassava,95,9,85,DAP
36,33,Clay,Maize,20,64,62,Urea
38,65,Sandy,Maize,87,65,14,NPK
26,88,Loamy,Maize,22,38,56,Urea
36,63,Clay,Maize,92,72,12,NPK
25,35,Sandy,Cassava,80,62,48,Compost
31,77,Clay,Maize,54,63,64,Compost
36,32,Loamy,Cassava,99,31,95,Compost
23,47,Sandy,Cassava,42,34,77,Compost
20,43,Loamy,Maize,3,87,58,Urea
38,35,Sandy,Maize,48,39,82,Compost
20,34,Clay,Wheat,5,12,63,Urea
22,48,Clay,Cassava,73,88,19,NPK
23,73,Clay,Rice,21,56,71,Urea
26,43,Clay,Cassava,15,82,50,Urea
37,81,Sandy,Maize,11,52,74,Urea
24,56,Sandy,Rice,96,4,56,DAP
33,34,Loamy,Wheat,58,32,61,Compost
37,77,Sandy,Cassava,85,68,65,Compost
34,68,Sandy,Maize,83,53,6,NPK
34,52,Loamy,Cassava,18,53,92,Urea
39,58,Loamy,Cassava,73,56,7,NPK
29,46,Loamy,Rice,57,68,27,NPK
28,34,Loamy,Rice,83,40,48,Compost
36,41,Clay,Cassava,2,9,97,Urea
22,45,Loamy,Wheat,23,73,37,Urea
30,84,Clay,Cassava,28,19,90,Urea
28,83,Clay,Wheat,98,65,29,NPK
21,51,Clay,Rice,78,26,9,DAP
28,62,Loamy,Maize,58,99,58,Compost
21,58,Sandy,Cassava,25,88,9,Urea
34,88,Loamy,Cassava,47,20,21,DAP
23,63,Loamy,Maize,27,64,44,Urea
23,36,Sandy,Maize,35,82,0,NPK
29,65,Sandy,Maize,45,31,31,Compost
25,77,Loamy,Maize,73,26,53,DAP
37,64,Clay,Maize,24,27,14,Urea
23,58,Clay,Maize,26,25,18,Urea
36,72,Sandy,Maize,41,49,83,Compost
32,69,Clay,Maize,22,95,51,Urea
34,62,Sandy,Rice,68,42,47,Compost
21,69,Clay,Maize,49,66,61,Compost
20,40,Loamy,Rice,47,9,81,DAP
25,48,Clay,Cassava,76,45,2,NPK
29,67,Sandy,Cassava,90,7,50,DAP
33,71,Sandy,Maize,5,88,38,Urea
36,89,Sandy,Rice,36,8,81,DAP
21,87,Clay,Cassava,59,39,35,Compost
37,89,Clay,Maize,78,91,17,NPK
21,51,Clay,Rice,56,76,3,NPK
26,72,Loamy,Wheat,67,91,78,Compost
20,84,Clay,Rice,37,0,37,DAP
35,58,Sandy,Maize,73,91,20,NPK
37,36,Clay,Maize,46,83,82,Compost
22,33,Sandy,Maize,67,11,59,DAP
29,52,Sandy,Maize,60,62,51,Compost
32,84,Loamy,Wheat,54,95,4,NPK
23,75,Loamy,Maize,57,38,79,Compost
20,78,Sandy,Maize,8,5,34,Urea
26,51,Sandy,Rice,4,41,86,Urea
36,41,Clay,Wheat,66,29,56,DAP
28,58,Clay,Maize,86,12,31,DAP
33,81,Clay,Wheat,22,44,16,Urea
27,50,Loamy,Maize,5,17,93,Urea
20,59,Sandy,Rice,31,41,77,Compost
29,76,Clay,Wheat,33,72,27,NPK
30,43,Clay,Cassava,46,18,14,DAP
27,72,Sandy,Maize,46,32,61,Compost
20,48,Clay,Rice,39,46,64,Compost
37,63,Clay,Maize,0,33,92,Urea
35,76,Sandy,Wheat,48,63,60,Compost
26,53,Loamy,Maize,70,12,68,DAP
36,32,Clay,Rice,48,52,64,Compost
36,46,Clay,Maize,2,78,28,Urea
30,61,Loamy,Wheat,15,24,53,Urea
28,85,Sandy,Maize,85,79,40,Compost
38,73,Clay,Rice,70,77,28,NPK
38,48,Loamy,Maize,44,14,2,DAP
30,82,Loamy,Rice,56,17,50,DAP
35,31,Loamy,Rice,75,56,35,Compost
34,57,Sandy,Maize,44,81,65,Compost
32,74,Loamy,Cassava,19,63,92,Urea
29,58,Clay,Cassava,2,53,77,Urea
27,88,Clay,Rice,3,59,74,Urea
30,61,Clay,Rice,1,61,48,Urea
28,57,Clay,Wheat,97,60,78,Compost
35,54,Sandy,Rice,57,44,61,Compost
26,61,Loamy,Wheat,80,98,82,Compost
31,58,Clay,Cassava,91,8,91,DAP
25,58,Loamy,Maize,15,86,94,Urea
22,50,Loamy,Wheat,85,61,41,Compost
31,71,Sandy,Maize,10,53,15,Urea
27,69,Clay,Maize,39,58,1,NPK
31,39,Clay,Cassava,79,80,89,Compost
21,79,Clay,Rice,22,17,61,Urea
36,67,Sandy,Cassava,66,37,66,Compost
20,59,Sandy,Wheat,27,20,12,Urea
23,36,Loamy,Rice,52,78,78,Compost
23,61,Clay,Cassava,69,87,83,Compost
24,49,Sandy,Wheat,7,0,36,Urea
25,50,Clay,Cassava,4,59,45,Urea
37,77,Loamy,Maize,55,58,28,NPK
26,69,Sandy,Rice,17,1,7,Urea
30,62,Loamy,Maize,37,47,26,NPK
39,41,Clay,Maize,30,90,95,Compost
29,32,Sandy,Cassava,34,94,14,NPK
35,42,Sandy,Cassava,74,58,20,NPK
38,83,Clay,Rice,47,34,85,Compost
25,60,Loamy,Wheat,48,95,99,Compost
34,72,Loamy,Cassava,2,79,68,Urea
29,48,Sandy,Wheat,60,28,18,DAP
30,31,Loamy,Maize,42,24,19,DAP
35,48,Clay,Wheat,10,97,54,Urea
24,88,Sandy,Cassava,20,11,49,Urea
23,83,Sandy,Rice,83,37,24,NPK
33,40,Clay,Maize,17,26,54,Urea
37,85,Clay,Cassava,20,43,4,Urea
28,88,Clay,Maize,53,73,21,NPK
38,30,Clay,Wheat,64,14,75,DAP
37,76,Sandy,Maize,45,13,49,DAP
39,79,Sandy,Cassava,58,42,78,Compost
31,69,Loamy,Wheat,93,37,2,NPK
32,42,Loamy,Maize,48,65,35,Compost
30,37,Clay,Rice,19,7,28,Urea
27,55,Loamy,Maize,83,54,15,NPK
33,72,Clay,Wheat,44,58,55,Compost
35,56,Sandy,Cassava,87,72,34,Compost
38,49,Sandy,Rice,80,94,56,Compost
27,44,Clay,Maize,93,19,52,DAP
31,78,Sandy,Wheat,41,93,28,NPK
38,75,Clay,Rice,49,70,57,Compost
21,88,Loamy,Rice,87,9,31,DAP
39,44,Sandy,Wheat,2,36,39,Urea
27,69,Clay,Wheat,10,63,7,Urea
29,68,Sandy,Wheat,12,95,35,Urea
24,55,Loamy,Wheat,94,81,63,Compost
25,53,Clay,Wheat,86,21,1,DAP
30,57,Loamy,Wheat,61,68,63,Compost
25,39,Loamy,Wheat,98,43,59,Compost
36,30,Clay,Cassava,94,56,54,Compost
29,82,Loamy,Maize,21,12,88,Urea
35,47,Clay,Wheat,39,16,14,DAP
29,44,Clay,Cassava,38,12,80,DAP
28,69,Loamy,Cassava,84,81,76,Compost
35,38,Clay,Wheat,43,37,82,Compost
26,86,Clay,Wheat,17,15,54,Urea
26,33,Clay,Maize,95,61,12,NPK
32,46,Sandy,Maize,5,82,76,Urea
33,60,Loamy,Wheat,38,71,24,NPK
32,61,Clay,Rice,62,37,91,Compost
22,57,Clay,Maize,97,79,21,NPK
25,37,Clay,Wheat,61,56,5,NPK
33,61,Clay,Rice,2,58,75,Urea
36,88,Clay,Maize,68,61,51,Compost
28,60,Loamy,Maize,83,21,3,DAP
32,74,Clay,Rice,48,19,76,DAP
36,83,Sandy,Maize,14,76,16,Urea
27,79,Clay,Maize,22,45,71,Urea
27,88,Loamy,Cassava,58,12,38,DAP
24,78,Sandy,Maize,15,1,81,Urea
36,59,Clay,Maize,95,92,93,Compost
37,42,Clay,Maize,93,20,54,DAP
36,69,Clay,Wheat,14,72,51,Urea
29,73,Clay,Maize,86,51,29,NPK
20,86,Sandy,Rice,0,43,98,Urea
30,63,Sandy,Wheat,14,11,96,Urea
32,43,Sandy,Maize,7,71,26,Urea
31,30,Clay,Wheat,41,61,10,NPK
26,72,Clay,Maize,96,31,92,Compost
27,52,Loamy,Rice,49,36,63,Compost
38,83,Sandy,Maize,98,10,87,DAP
36,50,Clay,Rice,62,82,27,NPK
36,35,Clay,Wheat,27,65,37,Urea
24,80,Loamy,Rice,48,42,35,Compost
32,81,Loamy,Wheat,80,99,59,Compost
33,48,Loamy,Wheat,98,55,27,NPK
20,71,Loamy,Wheat,39,96,62,Compost
31,37,Loamy,Wheat,37,26,8,DAP
34,45,Clay,Wheat,13,24,33,Urea
22,87,Loamy,Rice,72,25,19,DAP
27,39,Clay,Cassava,23,4,66,Urea
35,78,Clay,Cassava,75,52,43,Compost
34,63,Clay,Cassava,49,83,11,NPK
23,52,Clay,Wheat,0,88,65,Urea
22,87,Sandy,Maize,83,48,85,Compost
20,81,Loamy,Maize,14,51,78,Urea
33,54,Sandy,Wheat,4,69,46,Urea
23,56,Loamy,Maize,91,98,85,Compost
27,52,Clay,Wheat,9,88,51,Urea
36,37,Clay,Cassava,60,63,4,NPK
32,82,Clay,Maize,55,58,92,Compost
24,38,Clay,Wheat,1,64,59,Urea
38,59,Clay,Wheat,75,38,89,Compost
32,88,Clay,Wheat,60,53,91,Compost
28,68,Clay,Rice,84,55,33,Compost
39,54,Sandy,Cassava,21,39,0,Urea
20,86,Clay,Rice,53,41,20,NPK
34,46,Loamy,Rice,98,79,7,NPK
34,46,Sandy,Rice,89,12,16,DAP
25,46,Loamy,Maize,5,34,13,Urea
34,37,Sandy,Cassava,53,26,12,DAP
36,60,Sandy,Wheat,34,59,5,NPK
24,51,Loamy,Maize,22,88,33,Urea
34,34,Loamy,Wheat,5,69,58,Urea
37,47,Sandy,Maize,13,77,12,Urea
26,73,Clay,Cassava,18,62,34,Urea
36,64,Clay,Wheat,99,34,31,Compost
35,73,Sandy,Maize,16,70,49,Urea
20,64,Sandy,Rice,57,13,36,DAP
35,44,Clay,Rice,67,39,58,Compost
35,57,Loamy,Wheat,44,89,27,NPK
32,31,Clay,Cassava,7,23,14,Urea
30,60,Sandy,Cassava,44,65,7,NPK
26,85,Clay,Cassava,56,79,98,Compost
29,67,Loamy,Rice,68,92,38,Compost
21,72,Loamy,Maize,22,68,93,Urea
25,85,Loamy,Maize,3,92,22,Urea
25,61,Loamy,Rice,14,39,95,Urea
28,66,Loamy,Wheat,5,62,66,Urea
29,40,Clay,Maize,95,3,62,DAP
23,46,Sandy,Cassava,4,31,85,Urea
25,64,Loamy,Maize,83,21,10,DAP
32,88,Loamy,Cassava,8,59,75,Urea
33,62,Loamy,Maize,72,22,73,DAP
38,76,Sandy,Cassava,86,29,24,DAP
21,74,Clay,Maize,73,77,57,Compost
28,54,Loamy,Cassava,47,97,9,NPK
22,40,Clay,Maize,20,85,44,Urea
26,84,Sandy,Wheat,63,1,75,DAP
29,47,Loamy,Cassava,74,15,17,DAP
22,82,Clay,Rice,15,5,56,Urea
31,72,Clay,Cassava,47,41,75,Compost
32,33,Clay,Rice,1,89,58,Urea
34,37,Clay,Cassava,45,62,11,NPK
32,72,Sandy,Cassava,80,35,84,Compost
27,34,Loamy,Wheat,35,27,92,DAP
34,41,Sandy,Rice,22,15,13,Urea
29,36,Sandy,Wheat,36,28,66,DAP
34,65,Clay,Rice,51,18,76,DAP
29,50,Sandy,Cassava,54,28,19,DAP
25,65,Loamy,Rice,95,15,17,DAP
24,83,Loamy,Maize,18,86,33,Urea
32,72,Loamy,Rice,92,99,21,NPK
39,81,Clay,Wheat,72,18,37,DAP
25,81,Clay,Cassava,56,19,8,DAP
23,79,Loamy,Maize,19,86,74,Urea
24,51,Loamy,Wheat,92,43,33,Compost
32,71,Sandy,Rice,94,6,67,DAP
38,71,Loamy,Cassava,34,56,84,Compost
38,60,Sandy,Wheat,65,58,9,NPK
21,31,Sandy,Wheat,15,15,45,Urea
26,82,Clay,Cassava,87,0,10,DAP
23,36,Loamy,Cassava,49,11,94,DAP
36,62,Clay,Wheat,95,64,46,Compost
29,36,Loamy,Rice,23,3,18,Urea
30,69,Loamy,Cassava,74,66,11,NPK
22,71,Clay,Maize,53,65,48,Compost
35,31,Loamy,Rice,83,37,27,NPK
29,89,Loamy,Wheat,96,76,41,Compost
34,66,Loamy,Wheat,21,56,83,Urea
37,72,Clay,Maize,79,33,31,Compost
21,41,Sandy,Wheat,89,72,9,NPK
21,77,Clay,Wheat,65,64,50,Compost
23,53,Loamy,Cassava,1,30,56,Urea
33,31,Sandy,Cassava,11,27,83,Urea
26,53,Sandy,Rice,77,17,87,DAP
33,63,Loamy,Wheat,21,69,35,Urea
32,65,Loamy,Rice,79,60,99,Compost
20,74,Loamy,Rice,66,22,95,DAP
32,88,Clay,Maize,67,20,77,DAP
26,60,Loamy,Rice,11,15,80,Urea
32,52,Loamy,Maize,70,45,31,Compost
34,73,Sandy,Maize,53,43,97,Compost
24,74,Clay,Wheat,86,77,78,Compost
30,62,Sandy,Cassava,98,16,91,DAP
38,75,Loamy,Rice,86,31,39,Compost
32,88,Clay,Maize,72,28,69,DAP
21,74,Sandy,Wheat,90,88,71,Compost
20,49,Clay,Wheat,74,38,53,Compost
30,58,Loamy,Rice,15,98,19,Urea
33,32,Sandy,Cassava,57,52,0,NPK
36,31,Sandy,Wheat,69,7,28,DAP
35,80,Sandy,Cassava,59,34,68,Compost
31,41,Sandy,Wheat,72,38,3,NPK
38,83,Clay,Rice,90,44,42,Compost
32,42,Sandy,Rice,91,51,52,Compost
32,51,Clay,Cassava,71,71,41,Compost
35,80,Loamy,Cassava,42,76,27,NPK
28,49,Clay,Wheat,38,50,11,NPK
34,60,Clay,Rice,10,25,41,Urea
30,67,Loamy,Cassava,18,63,5,Urea
33,81,Loamy,Maize,41,91,64,Compost
22,69,Clay,Wheat,46,6,10,DAP
26,33,Sandy,Wheat,25,11,42,Urea
38,82,Sandy,Rice,52,87,79,Compost
32,54,Sandy,Rice,53,56,3,NPK
30,61,Sandy,Cassava,10,91,53,Urea
28,52,Sandy,Cassava,27,56,25,Urea
38,62,Loamy,Rice,34,29,91,DAP
36,32,Loamy,Rice,92,44,78,Compost
33,85,Sandy,Cassava,46,52,63,Compost
39,87,Loamy,Wheat,86,88,6,NPK
36,47,Sandy,Maize,73,9,56,DAP
26,77,Sandy,Rice,90,51,32,Compost
20,73,Sandy,Wheat,33,3,16,DAP
23,72,Loamy,Rice,3,0,70,Urea
37,38,Sandy,Cassava,7,23,82,Urea
23,79,Clay,Cassava,26,31,77,Urea
37,57,Sandy,Wheat,98,46,58,Compost
23,66,Sandy,Cassava,47,45,89,Compost
35,68,Sandy,Wheat,29,29,21,Urea
30,31,Loamy,Wheat,17,89,52,Urea
26,30,Clay,Rice,89,86,89,Compost
32,35,Loamy,Wheat,71,23,85,DAP
38,66,Loamy,Cassava,29,41,32,Urea
29,66,Loamy,Rice,26,38,8,Urea
31,84,Sandy,Maize,61,14,1,DAP
39,68,Sandy,Wheat,53,17,2,DAP
26,72,Loamy,Wheat,37,36,57,Compost
20,73,Clay,Cassava,10,67,81,Urea
23,78,Loamy,Maize,87,21,65,DAP
31,35,Loamy,Maize,56,84,54,Compost
35,60,Loamy,Cassava,27,95,91,Urea
38,84,Sandy,Maize,57,44,21,NPK
24,52,Sandy,Rice,52,95,58,Compost
29,88,Clay,Rice,14,70,28,Urea
34,32,Clay,Rice,91,28,78,DAP
22,35,Clay,Rice,76,92,18,NPK
22,37,Clay,Rice,83,46,3,NPK
38,50,Clay,Maize,7,86,15,Urea
32,32,Sandy,Wheat,77,76,70,Compost
34,36,Loamy,Rice,40,21,23,DAP
36,66,Sandy,Rice,79,71,55,Compost
36,54,Loamy,Wheat,88,80,59,Compost
33,77,Loamy,Maize,35,22,42,DAP
25,76,Sandy,Cassava,24,17,61,Urea
32,72,Loamy,Wheat,17,58,59,Urea
38,85,Clay,Wheat,8,95,83,Urea
20,33,Loamy,Maize,97,66,25,NPK
27,35,Clay,Rice,44,12,68,DAP
39,83,Loamy,Cassava,81,65,73,Compost
32,79,Clay,Cassava,75,76,54,Compost
30,48,Clay,Cassava,52,25,13,DAP
32,73,Sandy,Maize,50,42,85,Compost
38,47,Clay,Wheat,91,59,58,Compost
20,48,Clay,Wheat,48,36,25,NPK
22,63,Clay,Cassava,39,79,37,Compost
32,52,Loamy,Rice,15,27,34,Urea
32,75,Clay,Cassava,85,84,25,NPK
27,50,Sandy,Maize,64,5,22,DAP
38,52,Clay,Cassava,22,95,29,Urea
32,72,Loamy,Cassava,78,96,20,NPK
26,52,Clay,Maize,43,81,87,Compost
38,76,Clay,Rice,6,49,47,Urea
39,56,Loamy,Cassava,8,56,30,Urea
27,77,Sandy,Maize,48,86,19,NPK
24,83,Sandy,Wheat,16,27,40,Urea
21,54,Loamy,Rice,40,5,74,DAP
25,35,Sandy,Cassava,13,65,39,Urea
22,84,Sandy,Cassava,96,23,18,DAP
37,78,Sandy,Wheat,34,61,0,NPK
23,54,Sandy,Maize,97,88,15,NPK
21,58,Clay,Cassava,82,24,15,DAP
38,38,Sandy,Rice,18,96,33,Urea
35,73,Clay,Rice,33,88,44,Compost
25,50,Loamy,Rice,95,47,38,Compost
29,39,Loamy,Maize,17,59,87,Urea
39,38,Clay,Cassava,3,62,39,Urea
28,74,Sandy,Rice,3,80,15,Urea
34,64,Sandy,Wheat,68,4,19,DAP
34,47,Clay,Rice,92,12,3,DAP
29,74,Loamy,Maize,94,7,66,DAP
35,75,Sandy,Rice,10,98,41,Urea
32,65,Sandy,Wheat,36,73,72,Compost
39,36,Loamy,Rice,55,59,22,NPK
26,69,Clay,Maize,22,28,77,Urea
38,34,Clay,Cassava,88,30,49,Compost
39,73,Clay,Maize,1,24,12,Urea
26,57,Loamy,Cassava,69,66,57,Compost
22,47,Clay,Rice,83,63,68,Compost
38,51,Clay,Wheat,82,61,15,NPK
28,33,Clay,Maize,54,34,54,Compost
33,78,Clay,Rice,99,6,29,DAP
38,78,Sandy,Wheat,50,71,81,Compost
35,81,Clay,Rice,16,62,44,Urea
32,36,Clay,Rice,33,35,24,NPK
25,53,Loamy,Cassava,5,28,24,Urea
36,75,Clay,Rice,97,27,2,DAP
30,67,Sandy,Rice,50,89,47,Compost
26,59,Clay,Wheat,50,19,95,DAP
26,38,Sandy,Maize,28,62,71,Urea
23,64,Clay,Cassava,6,26,0,Urea
35,67,Clay,Wheat,86,40,74,Compost
29,82,Sandy,Rice,62,99,36,Compost
28,88,Clay,Maize,98,47,4,NPK
35,61,Clay,Wheat,46,61,98,Compost
39,43,Clay,Wheat,60,30,94,Compost
36,89,Clay,Rice,49,77,78,Compost
34,35,Clay,Cassava,49,35,7,NPK
34,32,Loamy,Cassava,76,97,87,Compost
27,61,Sandy,Wheat,93,12,0,DAP
21,44,Loamy,Maize,92,97,81,Compost
26,58,Clay,Cassava,63,24,37,DAP
33,37,Clay,Rice,1,80,77,Urea
39,50,Sandy,Maize,21,34,15,Urea
37,87,Sandy,Cassava,16,79,57,Urea
21,33,Sandy,Cassava,97,93,5,NPK
36,68,Sandy,Maize,68,19,63,DAP
35,80,Sandy,Maize,72,68,41,Compost
21,38,Clay,Wheat,85,63,85,Compost
21,84,Sandy,Rice,96,17,70,DAP
20,62,Sandy,Wheat,3,3,81,Urea
30,88,Sandy,Wheat,54,99,59,Compost
25,45,Loamy,Cassava,87,55,12,NPK
37,83,Sandy,Maize,42,38,60,Compost
29,46,Clay,Rice,22,53,29,Urea
21,87,Clay,Cassava,17,6,39,Urea
25,51,Loamy,Maize,67,48,51,Compost
37,72,Sandy,Maize,89,77,8,NPK
34,41,Loamy,Cassava,55,50,69,Compost
39,53,Clay,Rice,71,64,53,Compost
36,78,Clay,Cassava,82,85,62,Compost
22,59,Sandy,Rice,74,83,28,NPK
38,70,Loamy,Rice,64,30,29,NPK
35,47,Clay,Rice,16,37,13,Urea
34,75,Loamy,Cassava,55,18,56,DAP
31,63,Clay,Rice,0,51,84,Urea
25,66,Sandy,Cassava,0,90,20,Urea
35,73,Clay,Maize,53,39,25,NPK
35,57,Sandy,Wheat,73,63,42,Compost
36,86,Clay,Cassava,6,43,52,Urea
26,73,Clay,Rice,45,67,77,Compost
33,45,Clay,Wheat,18,1,9,Urea
37,46,Sandy,Wheat,69,21,31,DAP
28,49,Sandy,Rice,57,69,82,Compost
37,35,Sandy,Maize,22,22,25,Urea
32,36,Clay,Wheat,26,25,96,Urea
34,65,Sandy,Cassava,63,90,56,Compost
24,31,Clay,Rice,96,79,86,Compost
25,84,Loamy,Maize,25,34,78,Urea
22,52,Sandy,Rice,96,40,40,Compost
26,32,Loamy,Wheat,30,81,42,Compost
26,70,Sandy,Maize,13,51,95,Urea
25,68,Loamy,Cassava,89,97,29,NPK
23,50,Loamy,Wheat,80,96,73,Compost
38,76,Loamy,Cassava,63,75,55,Compost
35,70,Clay,Rice,26,27,80,Urea
33,88,Loamy,Rice,1,35,70,Urea
32,44,Sandy,Cassava,59,21,62,DAP
20,40,Loamy,Maize,47,42,37,Compost
28,74,Loamy,Wheat,96,16,87,DAP
24,86,Loamy,Wheat,61,87,8,NPK
23,46,Sandy,Maize,49,93,39,Compost
30,50,Sandy,Rice,54,28,23,DAP
29,74,Sandy,Rice,41,83,44,Compost
37,46,Sandy,Rice,48,28,94,DAP
23,47,Clay,Wheat,46,8,76,DAP
34,56,Clay,Wheat,18,89,51,Urea
33,57,Sandy,Rice,95,52,2,NPK
21,62,Loamy,Cassava,16,32,75,Urea
36,85,Clay,Cassava,48,54,25,NPK
22,37,Sandy,Rice,6,45,45,Urea
23,45,Sandy,Rice,61,0,48,DAP
29,83,Loamy,Wheat,28,91,5,Urea
35,49,Clay,Maize,77,42,25,NPK
33,36,Sandy,Rice,44,83,62,Compost
22,81,Sandy,Rice,74,1,13,DAP
31,59,Sandy,Wheat,89,43,32,Compost
32,43,Loamy,Rice,25,20,27,Urea
35,65,Loamy,Rice,72,86,78,Compost
32,52,Sandy,Rice,47,1,83,DAP
39,88,Loamy,Cassava,54,11,39,DAP
21,65,Loamy,Wheat,82,33,43,Compost
33,35,Sandy,Wheat,99,21,17,DAP
31,81,Clay,Rice,93,50,70,Compost
35,48,Loamy,Wheat,26,52,47,Urea
26,88,Sandy,Cassava,14,63,2,Urea
24,52,Sandy,Maize,8,14,2,Urea
25,46,Loamy,Maize,71,20,10,DAP
25,37,Loamy,Wheat,34,13,13,DAP
29,41,Loamy,Wheat,33,40,9,NPK
36,46,Clay,Rice,94,0,11,DAP
26,33,Loamy,Maize,97,84,85,Compost
23,47,Sandy,Cassava,1,11,80,Urea
29,63,Loamy,Wheat,50,10,62,DAP
31,38,Loamy,Wheat,10,52,99,Urea
29,50,Sandy,Rice,75,13,53,DAP
37,50,Loamy,Maize,49,93,38,Compost
39,53,Clay,Cassava,8,0,25,Urea
25,67,Loamy,Maize,43,85,43,Compost
29,84,Loamy,Rice,5,16,50,Urea
37,67,Clay,Rice,71,20,69,DAP
26,53,Sandy,Cassava,17,55,91,Urea
39,61,Loamy,Cassava,73,51,41,Compost
29,55,Sandy,Cassava,22,97,56,Urea
39,69,Loamy,Cassava,92,30,63,Compost
26,69,Sandy,Maize,1,17,46,Urea
20,66,Loamy,Wheat,34,50,17,NPK
33,53,Sandy,Rice,43,52,9,NPK
39,78,Clay,Rice,57,89,35,Compost
20,76,Sandy,Wheat,88,67,41,Compost
38,47,Sandy,Rice,18,57,22,Urea
35,30,Loamy,Maize,7,17,56,Urea
35,34,Loamy,Rice,53,12,82,DAP
22,55,Clay,Rice,75,1,74,DAP
31,57,Loamy,Maize,85,75,1,NPK
24,36,Loamy,Rice,87,75,15,NPK
27,89,Sandy,Wheat,14,12,4,Urea
30,39,Sandy,Maize,52,49,14,NPK
29,85,Clay,Cassava,39,27,31,DAP
22,44,Sandy,Rice,64,3,10,DAP
31,55,Sandy,Maize,22,92,84,Urea
35,74,Sandy,Maize,90,39,76,Compost
35,59,Sandy,Cassava,67,79,30,Compost
29,54,Loamy,Maize,96,91,8,NPK
31,34,Loamy,Wheat,53,27,55,DAP
22,34,Loamy,Rice,97,76,57,Compost
33,40,Loamy,Rice,67,52,32,Compost
26,85,Sandy,Wheat,50,73,42,Compost
34,67,Clay,Maize,92,82,53,Compost
38,39,Loamy,Wheat,94,17,79,DAP
27,65,Sandy,Cassava,75,97,35,Compost
24,32,Sandy,Maize,52,17,42,DAP
22,86,Clay,Rice,77,3,92,DAP
28,74,Loamy,Cassava,27,41,79,Urea
31,81,Sandy,Rice,0,38,95,Urea
36,77,Clay,Cassava,87,34,45,Compost
29,83,Clay,Rice,48,61,37,Compost
23,78,Clay,Maize,67,70,86,Compost
21,78,Clay,Rice,94,30,39,Compost
35,80,Clay,Rice,54,87,48,Compost
35,86,Clay,Maize,14,26,67,Urea
35,59,Loamy,Wheat,66,85,85,Compost
37,86,Loamy,Cassava,48,75,54,Compost
23,60,Clay,Rice,86,52,83,Compost
34,52,Sandy,Maize,78,16,36,DAP
32,48,Loamy,Maize,17,77,61,Urea
23,65,Clay,Maize,43,6,43,DAP
23,88,Loamy,Rice,68,54,9,NPK
29,70,Sandy,Cassava,68,9,9,DAP
25,56,Clay,Maize,7,64,91,Urea
36,68,Loamy,Maize,29,84,48,Urea
28,46,Sandy,Rice,56,61,94,Compost
39,69,Loamy,Cassava,62,18,99,DAP
37,62,Sandy,Rice,96,61,92,Compost
30,78,Loamy,Wheat,9,94,5,Urea
20,36,Loamy,Cassava,20,91,79,Urea
33,52,Loamy,Rice,24,27,4,Urea
37,76,Loamy,Maize,92,18,96,DAP
20,74,Clay,Rice,20,98,39,Urea
22,54,Clay,Maize,54,83,51,Compost
31,74,Loamy,Maize,55,54,86,Compost
25,80,Sandy,Maize,86,72,80,Compost
21,48,Clay,Wheat,6,62,41,Urea
29,88,Sandy,Maize,26,46,1,Urea
23,48,Sandy,Maize,38,81,70,Compost
36,68,Sandy,Wheat,24,68,29,Urea
31,33,Sandy,Maize,67,50,23,NPK
33,34,Loamy,Rice,56,82,11,NPK
37,46,Loamy,Wheat,74,98,22,NPK
36,30,Clay,Wheat,8,14,27,Urea
22,51,Clay,Cassava,75,19,64,DAP
36,74,Sandy,Rice,46,58,95,Compost
26,89,Loamy,Rice,45,31,26,NPK
37,88,Clay,Maize,92,81,43,Compost
27,83,Clay,Rice,33,70,35,Compost
37,89,Loamy,Cassava,8,72,71,Urea
38,64,Loamy,Maize,13,91,29,Urea
23,68,Sandy,Wheat,75,65,77,Compost
35,49,Sandy,Rice,54,67,78,Compost
20,36,Sandy,Cassava,11,4,49,Urea
29,67,Clay,Rice,65,73,78,Compost
31,87,Sandy,Wheat,70,61,40,Compost
38,89,Clay,Cassava,33,69,44,Compost
38,63,Clay,Rice,69,49,31,Compost
22,32,Loamy,Rice,73,50,66,Compost
31,58,Sandy,Cassava,12,65,3,Urea
29,68,Sandy,Wheat,5,82,68,Urea
29,38,Clay,Maize,82,20,23,DAP
25,33,Clay,Cassava,2,67,39,Urea
35,83,Clay,Cassava,55,88,39,Compost
32,33,Loamy,Rice,12,26,5,Urea
36,65,Sandy,Cassava,80,1,76,DAP
39,31,Clay,Cassava,89,21,54,DAP
22,64,Loamy,Wheat,87,68,83,Compost
26,68,Sandy,Maize,56,52,11,NPK
32,85,Loamy,Maize,56,39,79,Compost
32,64,Clay,Wheat,4,89,10,Urea
26,82,Loamy,Rice,33,66,71,Compost
30,74,Clay,Maize,65,69,40,Compost
39,86,Loamy,Rice,79,24,11,DAP
26,68,Sandy,Maize,10,69,22,Urea
33,35,Loamy,Rice,85,83,88,Compost
34,89,Sandy,Maize,71,36,48,Compost
39,62,Loamy,Rice,4,17,37,Urea
24,59,Clay,Cassava,63,9,78,DAP
29,88,Loamy,Cassava,96,15,53,DAP
25,64,Loamy,Wheat,1,93,12,Urea
28,45,Clay,Maize,91,52,44,Compost
39,53,Sandy,Cassava,93,57,26,NPK
26,71,Clay,Maize,58,37,68,Compost
21,82,Clay,Wheat,25,47,94,Urea
38,38,Sandy,Rice,50,38,3,NPK
22,85,Sandy,Wheat,10,96,57,Urea
30,56,Sandy,Maize,38,94,45,Compost
21,56,Clay,Cassava,81,64,62,Compost
22,64,Clay,Wheat,0,24,42,Urea
25,49,Clay,Cassava,50,1,81,DAP
31,39,Sandy,Maize,1,33,59,Urea
25,60,Loamy,Rice,75,35,84,Compost
36,76,Loamy,Wheat,48,2,73,DAP
24,75,Loamy,Maize,84,89,25,NPK
27,34,Loamy,Cassava,15,0,15,Urea
24,32,Clay,Cassava,12,79,54,Urea
30,50,Loamy,Rice,26,37,89,Urea
25,75,Sandy,Cassava,71,7,96,DAP
26,67,Sandy,Wheat,62,84,63,Compost
39,37,Loamy,Rice,30,92,8,NPK
34,59,Loamy,Rice,28,79,35,Urea
39,74,Loamy,Maize,85,70,22,NPK
28,69,Sandy,Wheat,27,47,37,Urea
33,82,Sandy,Maize,72,90,87,Compost
32,55,Sandy,Cassava,48,42,91,Compost
27,52,Sandy,Maize,41,6,41,DAP
23,70,Clay,Rice,45,65,24,NPK
28,82,Clay,Maize,86,73,41,Compost
39,54,Loamy,Maize,66,5,57,DAP
25,82,Loamy,Rice,81,86,1,NPK
31,51,Sandy,Wheat,23,83,64,Urea
20,46,Clay,Maize,93,2,45,DAP
30,53,Loamy,Wheat,44,25,76,DAP
20,53,Clay,Rice,34,23,27,DAP
23,45,Clay,Maize,53,78,15,NPK
34,86,Loamy,Cassava,64,78,89,Compost
38,33,Clay,Maize,98,12,9,DAP
30,47,Loamy,Cassava,40,49,86,Compost
26,88,Clay,Cassava,75,6,48,DAP
20,66,Clay,Rice,70,31,3,NPK
39,79,Sandy,Wheat,31,27,76,DAP
20,89,Clay,Wheat,29,53,35,Urea
35,87,Clay,Maize,68,50,21,NPK
30,74,Sandy,Maize,99,35,67,Compost
23,81,Sandy,Rice,49,79,40,Compost
37,51,Loamy,Maize,99,43,46,Compost
26,58,Loamy,Rice,84,16,79,DAP
38,38,Clay,Rice,48,1,47,DAP
33,43,Clay,Maize,98,57,57,Compost
34,80,Loamy,Cassava,40,82,81,Compost
35,33,Sandy,Cassava,13,11,98,Urea
24,46,Loamy,Rice,31,73,42,Compost
36,34,Sandy,Rice,8,48,32,Urea
23,65,Loamy,Maize,61,56,28,NPK
37,43,Sandy,Cassava,5,41,28,Urea
34,58,Loamy,Rice,56,48,43,Compost
26,45,Clay,Rice,2,61,63,Urea
25,74,Loamy,Rice,57,19,57,DAP
35,54,Sandy,Rice,76,67,77,Compost
20,57,Sandy,Wheat,43,97,4,NPK
24,60,Sandy,Maize,31,32,66,Compost
37,41,Sandy,Cassava,89,56,29,NPK
28,55,Loamy,Rice,2,45,67,Urea
38,42,Clay,Wheat,34,54,86,Compost
28,31,Sandy,Rice,40,43,63,Compost
31,76,Loamy,Wheat,81,76,68,Compost
29,73,Loamy,Wheat,55,42,88,Compost
21,66,Loamy,Cassava,69,54,66,Compost
32,32,Loamy,Maize,23,52,69,Urea
30,89,Loamy,Maize,41,75,99,Compost
21,40,Clay,Rice,89,17,84,DAP
23,69,Loamy,Wheat,21,52,58,Urea
37,72,Clay,Maize,29,7,97,Urea
34,38,Clay,Wheat,24,18,4,Urea
30,44,Clay,Cassava,26,39,95,Urea
38,79,Loamy,Maize,38,59,40,Compost
20,48,Sandy,Cassava,96,15,22,DAP
26,55,Sandy,Rice,91,68,48,Compost
24,51,Clay,Maize,27,32,22,Urea
20,72,Loamy,Rice,29,25,15,Urea
32,68,Sandy,Rice,47,64,37,Compost
21,78,Loamy,Rice,49,37,87,Compost
37,56,Sandy,Wheat,91,73,16,NPK
25,43,Loamy,Rice,5,25,38,Urea
31,64,Loamy,Rice,50,22,47,DAP
26,69,Loamy,Maize,12,84,9,Urea
28,44,Loamy,Maize,12,97,50,Urea
21,64,Loamy,Cassava,58,69,47,Compost
36,48,Clay,Rice,72,75,4,NPK
22,40,Sandy,Rice,67,68,0,NPK
37,41,Sandy,Maize,1,36,44,Urea
35,77,Clay,Rice,99,10,57,DAP
33,58,Clay,Wheat,14,59,94,Urea
29,70,Clay,Wheat,73,48,63,Compost
38,31,Clay,Rice,37,30,25,NPK
22,87,Loamy,Wheat,24,47,64,Urea
22,83,Loamy,Rice,8,37,86,Urea
20,50,Clay,Rice,69,43,99,Compost
32,46,Clay,Cassava,39,2,75,DAP
26,41,Loamy,Wheat,45,85,86,Compost
24,38,Sandy,Cassava,68,98,90,Compost
36,31,Clay,Maize,38,93,45,Compost
24,80,Clay,Cassava,86,1,26,DAP
22,31,Clay,Maize,20,57,4,Urea
39,74,Sandy,Maize,19,60,37,Urea
39,79,Sandy,Rice,31,25,69,DAP
28,86,Clay,Maize,0,50,4,Urea
32,48,Sandy,Maize,34,75,93,Compost
24,63,Loamy,Cassava,76,56,46,Compost
22,89,Sandy,Wheat,30,68,87,Compost
27,83,Sandy,Wheat,87,49,83,Compost
35,79,Sandy,Maize,38,88,45,Compost
35,76,Sandy,Wheat,86,49,76,Compost
37,44,Sandy,Cassava,68,85,79,Compost
28,39,Loamy,Maize,17,6,3,Urea
24,89,Clay,Wheat,98,89,81,Compost
33,44,Sandy,Maize,24,20,16,Urea
30,46,Loamy,Rice,92,19,29,DAP
38,82,Clay,Wheat,76,81,22,NPK
33,62,Clay,Wheat,17,72,32,Urea
36,48,Clay,Rice,98,33,83,Compost
23,39,Loamy,Wheat,84,10,90,DAP
35,55,Sandy,Maize,93,79,6,NPK
35,64,Loamy,Wheat,39,11,34,DAP
36,50,Loamy,Cassava,99,16,31,DAP
28,35,Clay,Wheat,24,65,8,Urea
25,32,Loamy,Cassava,96,54,0,NPK
24,35,Sandy,Rice,46,78,25,NPK
33,87,Loamy,Cassava,45,30,87,Compost
29,61,Sandy,Rice,35,57,23,NPK
32,83,Clay,Maize,58,31,81,Compost
33,47,Sandy,Rice,8,98,63,Urea
27,49,Loamy,Rice,85,82,29,NPK
22,72,Clay,Cassava,30,48,99,Compost
38,41,Clay,Cassava,42,36,78,Compost
37,72,Loamy,Wheat,1,83,14,Urea
39,33,Loamy,Rice,37,22,58,DAP
38,40,Loamy,Cassava,7,28,10,Urea
24,47,Clay,Rice,49,13,73,DAP
22,38,Clay,Cassava,62,75,66,Compost
26,43,Clay,Cassava,24,20,9,Urea
30,44,Clay,Wheat,85,20,59,DAP
39,73,Loamy,Cassava,12,68,3,Urea
33,37,Sandy,Maize,34,20,57,DAP
37,62,Clay,Maize,80,42,94,Compost
21,35,Loamy,Rice,66,11,99,DAP
31,74,Loamy,Rice,14,22,28,Urea
36,61,Clay,Rice,27,13,43,Urea
36,61,Loamy,Rice,87,5,26,DAP
37,53,Sandy,Wheat,23,33,39,Urea
34,44,Clay,Rice,23,64,17,Urea
31,41,Sandy,Cassava,27,70,22,Urea
21,40,Loamy,Rice,34,92,41,Compost
37,43,Loamy,Wheat,23,7,52,Urea
27,33,Clay,Wheat,4,96,48,Urea
21,59,Clay,Cassava,46,25,56,DAP
24,63,Clay,Cassava,39,91,38,Compost
26,57,Clay,Rice,52,3,81,DAP
31,77,Sandy,Cassava,27,68,66,Urea
31,60,Clay,Rice,19,82,10,Urea
27,32,Clay,Cassava,22,60,70,Urea
33,63,Loamy,Cassava,57,8,47,DAP
38,47,Sandy,Wheat,44,24,77,DAP
31,54,Clay,Cassava,78,79,26,NPK
27,39,Clay,Wheat,18,27,84,Urea
34,43,Sandy,Wheat,9,82,29,Urea
22,66,Sandy,Rice,74,47,1,NPK
31,83,Loamy,Cassava,39,92,93,Compost
21,38,Clay,Rice,92,96,73,Compost
21,73,Clay,Wheat,59,96,5,NPK
31,69,Sandy,Cassava,95,26,0,DAP
30,81,Sandy,Rice,39,31,68,Compost
36,37,Sandy,Rice,97,8,86,DAP
22,79,Clay,Cassava,52,53,83,Compost
37,54,Clay,Wheat,61,54,45,Compost
21,75,Loamy,Cassava,47,7,38,DAP
30,64,Sandy,Rice,37,7,53,DAP
24,56,Loamy,Wheat,78,16,32,DAP
34,75,Loamy,Wheat,92,8,32,DAP
36,58,Sandy,Maize,57,84,68,Compost
29,35,Clay,Maize,12,64,19,Urea
34,75,Loamy,Maize,66,10,11,DAP
29,54,Sandy,Maize,88,10,61,DAP
23,68,Sandy,Rice,77,55,0,NPK
23,59,Clay,Maize,51,30,86,Compost
23,81,Clay,Rice,92,74,55,Compost
20,87,Sandy,Wheat,11,6,54,Urea
26,71,Loamy,Wheat,89,72,97,Compost
32,42,Clay,Cassava,35,88,23,NPK
31,46,Loamy,Maize,30,92,27,NPK
34,60,Clay,Maize,19,41,11,Urea
24,38,Clay,Wheat,95,13,90,DAP
32,84,Sandy,Maize,30,53,4,NPK
32,57,Clay,Maize,98,46,70,Compost
25,61,Clay,Rice,38,36,85,Compost
27,46,Clay,Maize,80,41,75,Compost
35,75,Loamy,Cassava,7,22,63,Urea
37,49,Sandy,Wheat,18,7,37,Urea
25,82,Sandy,Maize,99,89,30,Compost
31,89,Clay,Maize,78,72,38,Compost
29,77,Sandy,Cassava,17,78,95,Urea
25,87,Clay,Wheat,34,97,53,Compost
24,47,Sandy,Wheat,89,85,30,Compost
30,39,Sandy,Wheat,91,69,19,NPK
24,52,Sandy,Rice,58,92,79,Compost
33,51,Clay,Wheat,50,77,38,Compost
24,79,Loamy,Cassava,32,30,53,Compost
31,63,Loamy,Cassava,61,22,45,DAP
26,83,Sandy,Maize,2,37,83,Urea
21,78,Loamy,Maize,58,9,98,DAP
39,47,Sandy,Wheat,90,58,61,Compost
36,65,Clay,Cassava,31,9,10,DAP
25,35,Clay,Maize,61,46,33,Compost
23,66,Sandy,Wheat,53,75,84,Compost
27,48,Clay,Rice,52,63,82,Compost
34,35,Loamy,Wheat,47,42,38,Compost
36,78,Sandy,Rice,70,54,0,NPK
36,65,Sandy,Maize,23,54,24,Urea
26,71,Sandy,Maize,93,70,96,Compost
26,87,Clay,Maize,11,34,62,Urea
23,65,Sandy,Maize,22,82,38,Urea
35,62,Loamy,Cassava,74,30,92,Compost
32,60,Loamy,Cassava,14,56,74,Urea
21,68,Clay,Maize,65,15,38,DAP
32,66,Sandy,Maize,43,18,70,DAP
25,37,Sandy,Maize,65,40,74,Compost
25,55,Clay,Maize,82,69,28,NPK
30,68,Loamy,Cassava,67,57,69,Compost
36,86,Sandy,Maize,91,29,70,DAP
28,54,Sandy,Cassava,64,5,17,DAP
29,57,Clay,Maize,64,76,83,Compost
20,81,Clay,Rice,77,30,90,Compost
36,84,Loamy,Maize,35,25,52,DAP
36,51,Sandy,Maize,1,85,4,Urea
23,65,Loamy,Wheat,20,76,88,Urea
26,49,Sandy,Rice,55,99,80,Compost
33,45,Loamy,Wheat,83,28,91,DAP
27,53,Clay,Maize,18,96,65,Urea
34,51,Loamy,Rice,21,45,90,Urea
32,62,Sandy,Rice,76,26,77,DAP
22,76,Clay,Cassava,93,98,47,Compost
33,41,Sandy,Cassava,16,39,48,Urea
39,40,Sandy,Maize,97,73,73,Compost
30,89,Loamy,Wheat,87,75,42,Compost
32,66,Loamy,Maize,5,49,21,Urea
28,53,Sandy,Maize,78,89,71,Compost
38,53,Loamy,Maize,69,98,64,Compost
33,65,Loamy,Wheat,37,10,11,DAP
29,79,Clay,Cassava,10,35,51,Urea
20,42,Loamy,Maize,57,55,23,NPK
28,60,Clay,Maize,9,59,1,Urea
25,44,Clay,Cassava,30,69,66,Compost
30,44,Sandy,Wheat,91,9,37,DAP
34,86,Loamy,Rice,70,14,17,DAP
37,81,Sandy,Wheat,1,83,97,Urea
30,55,Clay,Rice,93,41,4,NPK
30,30,Loamy,Wheat,0,82,1,Urea
39,52,Sandy,Wheat,67,11,21,DAP
39,47,Sandy,Rice,96,23,13,DAP
23,34,Clay,Wheat,59,94,54,Compost
32,45,Sandy,Wheat,53,25,65,DAP
35,67,Loamy,Maize,74,50,34,Compost
30,58,Sandy,Maize,57,53,38,Compost
29,57,Sandy,Cassava,2,9,58,Urea
29,43,Clay,Rice,93,31,31,Compost
29,61,Loamy,Cassava,0,55,1,Urea
36,59,Clay,Cassava,51,90,8,NPK
21,75,Sandy,Maize,72,83,52,Compost
38,65,Sandy,Wheat,8,21,17,Urea
31,71,Clay,Cassava,72,5,82,DAP
35,76,Clay,Wheat,68,15,0,DAP
38,66,Clay,Cassava,36,80,63,Compost
27,62,Loamy,Rice,19,59,81,Urea
30,86,Loamy,Wheat,3,36,3,Urea
32,54,Sandy,Rice,87,65,47,Compost
20,87,Clay,Maize,27,34,9,Urea
20,71,Sandy,Maize,59,14,98,DAP
24,70,Loamy,Rice,63,40,86,Compost
26,85,Clay,Wheat,24,90,5,Urea
21,38,Sandy,Maize,96,50,59,Compost
25,66,Clay,Rice,40,61,92,Compost
33,65,Sandy,Cassava,7,25,35,Urea
35,50,Loamy,Wheat,85,75,79,Compost
38,69,Loamy,Rice,28,81,9,Urea
29,68,Loamy,Maize,38,20,64,DAP
34,33,Sandy,Wheat,9,86,33,Urea
33,77,Sandy,Rice,60,9,53,DAP
39,30,Sandy,Maize,4,79,14,Urea
36,57,Clay,Cassava,16,97,12,Urea
33,40,Loamy,Wheat,98,60,63,Compost
36,76,Sandy,Rice,7,20,76,Urea
37,34,Loamy,Rice,94,16,74,DAP
39,77,Sandy,Rice,36,0,3,DAP
23,83,Loamy,Maize,2,8,85,Urea
31,39,Loamy,Cassava,73,93,21,NPK
25,79,Loamy,Rice,65,31,15,NPK
31,30,Sandy,Wheat,47,49,12,NPK
34,82,Loamy,Rice,68,18,37,DAP
30,82,Clay,Wheat,19,20,81,Urea
37,39,Loamy,Rice,29,72,30,Urea
29,84,Sandy,Maize,69,77,67,Compost
34,77,Clay,Maize,18,50,69,Urea
30,45,Loamy,Maize,74,70,25,NPK
38,60,Loamy,Rice,40,99,22,NPK
34,42,Sandy,Rice,65,15,72,DAP
32,64,Sandy,Maize,30,84,31,Compost
21,37,Clay,Maize,65,95,53,Compost
27,87,Sandy,Maize,64,73,54,Compost
23,64,Loamy,Rice,46,74,13,NPK
25,41,Sandy,Maize,79,34,65,Compost
30,70,Clay,Maize,17,19,13,Urea
21,78,Loamy,Cassava,57,41,57,Compost
37,59,Sandy,Cassava,18,71,91,Urea
27,60,Clay,Cassava,85,80,99,Compost
36,43,Clay,Maize,61,93,20,NPK
31,66,Clay,Wheat,34,52,46,Compost
33,40,Clay,Wheat,39,46,93,Compost
31,77,Clay,Maize,51,83,67,Compost
30,42,Sandy,Maize,3,75,72,Urea
32,77,Loamy,Rice,76,38,91,Compost
38,53,Clay,Maize,76,76,57,Compost
21,39,Loamy,Rice,76,57,72,Compost
20,43,Sandy,Wheat,83,14,95,DAP
20,46,Loamy,Rice,12,61,46,Urea
35,45,Loamy,Maize,95,42,7,NPK
39,32,Sandy,Wheat,83,15,77,DAP
35,88,Sandy,Maize,62,61,48,Compost
38,83,Sandy,Rice,58,75,14,NPK
37,57,Loamy,Cassava,77,93,96,Compost
32,44,Clay,Cassava,45,63,45,Compost
31,40,Sandy,Cassava,61,88,51,Compost
38,31,Loamy,Wheat,32,71,24,NPK
33,38,Loamy,Maize,86,4,54,DAP
27,45,Loamy,Wheat,60,14,64,DAP
22,67,Loamy,Rice,35,81,81,Compost
22,39,Sandy,Cassava,64,90,56,Compost
30,78,Sandy,Cassava,82,56,92,Compost
34,64,Clay,Maize,75,29,19,DAP
24,32,Sandy,Rice,40,38,25,NPK
21,52,Clay,Cassava,84,15,8,DAP
32,57,Clay,Cassava,63,51,80,Compost
25,65,Sandy,Rice,62,50,8,NPK
32,69,Clay,Maize,78,42,43,Compost
33,33,Sandy,Wheat,35,9,99,DAP
39,70,Sandy,Wheat,74,11,61,DAP
37,59,Sandy,Cassava,83,24,11,DAP
30,38,Loamy,Rice,61,88,98,Compost
39,61,Sandy,Rice,0,80,24,Urea
27,34,Sandy,Maize,98,18,22,DAP
28,83,Loamy,Rice,15,32,1,Urea
33,75,Sandy,Rice,57,88,15,NPK
34,55,Clay,Wheat,79,13,92,DAP
34,84,Clay,Cassava,71,33,1,NPK
29,64,Clay,Maize,71,91,22,NPK
23,43,Clay,Maize,92,64,67,Compost
20,78,Loamy,Maize,86,63,31,Compost
39,44,Sandy,Wheat,65,18,23,DAP
32,53,Clay,Cassava,85,14,9,DAP
28,56,Sandy,Wheat,27,64,16,Urea
31,39,Clay,Maize,92,81,46,Compost
25,68,Sandy,Rice,75,52,77,Compost
31,84,Loamy,Rice,19,78,30,Urea
26,87,Sandy,Rice,9,38,27,Urea
24,84,Clay,Rice,42,78,84,Compost
39,66,Clay,Maize,91,22,62,DAP
32,69,Loamy,Wheat,50,57,89,Compost
20,45,Loamy,Maize,56,61,81,Compost
26,79,Loamy,Wheat,69,29,22,DAP
29,72,Sandy,Maize,8,30,70,Urea
28,42,Loamy,Cassava,34,96,20,NPK
39,63,Sandy,Cassava,14,95,5,Urea
32,50,Sandy,Wheat,51,82,96,Compost
21,44,Loamy,Cassava,14,5,72,Urea
24,49,Loamy,Rice,25,81,91,Urea
38,38,Clay,Maize,55,58,69,Compost
33,57,Loamy,Wheat,12,42,75,Urea
38,48,Sandy,Cassava,82,23,25,DAP
32,57,Loamy,Wheat,81,99,28,NPK
36,33,Sandy,Maize,92,67,73,Compost
22,76,Loamy,Maize,88,48,69,Compost
27,64,Clay,Maize,17,53,0,Urea
35,68,Clay,Cassava,67,40,36,Compost
38,44,Loamy,Rice,82,55,46,Compost
26,39,Loamy,Rice,48,40,82,Compost
24,84,Clay,Cassava,82,30,51,Compost
26,53,Loamy,Maize,22,47,39,Urea
25,67,Sandy,Wheat,26,74,68,Urea
36,81,Clay,Cassava,46,78,12,NPK
30,89,Sandy,Rice,85,91,23,NPK
28,71,Sandy,Rice,17,42,79,Urea
20,58,Clay,Wheat,9,72,58,Urea
22,83,Clay,Rice,57,88,14,NPK
21,53,Loamy,Wheat,70,99,23,NPK
24,67,Loamy,Cassava,38,62,78,Compost
20,85,Sandy,Maize,0,49,85,Urea
30,39,Clay,Rice,80,35,55,Compost
34,55,Sandy,Maize,8,10,74,Urea
25,30,Loamy,Rice,76,85,55,Compost
24,76,Clay,Rice,77,46,68,Compost
23,61,Loamy,Wheat,70,41,47,Compost
29,79,Sandy,Rice,20,59,12,Urea
20,30,Clay,Maize,37,24,25,DAP
32,88,Sandy,Maize,40,29,56,DAP
36,77,Sandy,Cassava,55,64,11,NPK
24,53,Loamy,Maize,64,24,0,DAP
29,71,Clay,Maize,18,59,28,Urea
37,31,Sandy,Wheat,16,59,35,Urea
36,78,Loamy,Cassava,42,56,49,Compost
23,46,Loamy,Maize,45,41,14,NPK
20,45,Clay,Cassava,19,23,63,Urea
35,59,Loamy,Maize,87,87,72,Compost
31,46,Loamy,Maize,91,60,14,NPK
38,56,Loamy,Rice,60,57,30,Compost
31,75,Clay,Wheat,31,98,52,Compost
33,50,Loamy,Wheat,6,3,90,Urea
39,84,Sandy,Cassava,74,83,35,Compost
36,74,Clay,Rice,98,21,42,DAP
35,80,Clay,Maize,45,34,3,NPK
35,45,Sandy,Rice,99,18,80,DAP
32,55,Loamy,Cassava,57,62,27,NPK
20,73,Clay,Maize,65,16,39,DAP
25,50,Sandy,Maize,76,74,60,Compost
35,45,Clay,Rice,71,42,41,Compost
32,86,Sandy,Cassava,87,66,29,NPK
39,42,Clay,Cassava,8,82,53,Urea
27,51,Loamy,Maize,86,1,49,DAP
37,40,Clay,Maize,77,79,10,NPK
20,36,Clay,Maize,47,46,77,Compost
30,45,Clay,Maize,89,5,48,DAP
28,79,Sandy,Cassava,11,22,53,Urea
24,72,Clay,Wheat,2,57,87,Urea
36,68,Loamy,Wheat,54,44,75,Compost
20,50,Clay,Maize,51,81,42,Compost
39,32,Sandy,Maize,43,31,9,NPK
27,44,Sandy,Wheat,27,52,50,Urea
23,44,Sandy,Wheat,66,73,46,Compost
29,85,Clay,Rice,0,34,63,Urea
31,30,Clay,Cassava,36,82,28,NPK
20,65,Sandy,Maize,89,3,13,DAP
37,56,Sandy,Rice,47,2,86,DAP
28,52,Sandy,Maize,42,94,84,Compost
28,87,Clay,Rice,87,10,28,DAP
34,84,Clay,Maize,60,18,45,DAP
36,51,Loamy,Maize,56,13,43,DAP
35,62,Sandy,Rice,11,54,50,Urea
25,68,Sandy,Maize,28,68,69,Urea
35,60,Sandy,Wheat,45,96,76,Compost
39,39,Loamy,Maize,94,76,2,NPK
37,81,Loamy,Maize,27,82,86,Urea
32,61,Sandy,Maize,97,96,68,Compost
22,89,Clay,Wheat,62,85,60,Compost
37,61,Sandy,Cassava,96,68,91,Compost
27,44,Loamy,Maize,32,68,37,Compost
21,87,Loamy,Maize,3,38,53,Urea
20,62,Sandy,Maize,89,86,81,Compost
39,71,Sandy,Rice,72,2,89,DAP
28,71,Clay,Wheat,87,77,2,NPK
21,62,Loamy,Wheat,72,12,1,DAP
26,77,Clay,Maize,18,88,46,Urea
30,62,Sandy,Cassava,83,71,41,Compost
24,38,Sandy,Maize,96,1,18,DAP
33,49,Loamy,Maize,92,69,16,NPK
25,33,Loamy,Wheat,2,86,50,Urea
37,55,Sandy,Cassava,36,96,26,NPK
32,33,Loamy,Wheat,89,95,87,Compost
33,64,Sandy,Wheat,70,32,30,Compost
31,40,Sandy,Rice,59,85,97,Compost
38,81,Loamy,Maize,9,79,63,Urea
23,56,Sandy,Cassava,79,58,51,Compost
20,77,Clay,Maize,21,8,8,Urea
28,56,Sandy,Wheat,44,7,79,DAP
37,88,Sandy,Maize,75,5,40,DAP
24,88,Loamy,Maize,81,64,82,Compost
27,32,Loamy,Maize,68,54,39,Compost
38,47,Loamy,Maize,94,32,17,NPK
26,45,Clay,Wheat,37,40,6,NPK
33,72,Sandy,Cassava,88,31,37,Compost
35,81,Sandy,Wheat,75,16,63,DAP
32,37,Sandy,Wheat,40,2,98,DAP
20,86,Loamy,Rice,55,8,81,DAP
37,58,Clay,Cassava,99,44,16,NPK
21,75,Clay,Maize,13,66,22,Urea
26,59,Loamy,Maize,60,22,26,DAP
29,54,Sandy,Wheat,40,97,54,Compost
24,51,Sandy,Cassava,99,48,72,Compost
39,31,Loamy,Maize,85,42,76,Compost
27,88,Sandy,Maize,11,3,76,Urea
28,88,Loamy,Cassava,86,87,68,Compost
24,46,Loamy,Maize,5,88,18,Urea
35,50,Loamy,Rice,15,36,78,Urea
32,42,Sandy,Cassava,71,42,81,Compost
23,55,Loamy,Cassava,96,28,4,DAP
32,30,Clay,Wheat,2,66,70,Urea
23,64,Clay,Wheat,66,92,29,NPK
26,47,Clay,Cassava,59,39,64,Compost
29,57,Sandy,Cassava,18,2,35,Urea
30,44,Sandy,Maize,89,79,35,Compost
20,49,Sandy,Maize,4,77,90,Urea
33,69,Clay,Wheat,82,46,53,Compost
23,59,Clay,Cassava,94,8,52,DAP
32,43,Clay,Wheat,45,53,73,Compost
35,60,Sandy,Cassava,26,69,89,Urea
21,74,Sandy,Maize,50,49,18,NPK
20,69,Loamy,Wheat,92,65,39,Compost
25,77,Clay,Cassava,80,54,50,Compost
30,89,Loamy,Wheat,74,71,8,NPK
21,45,Clay,Rice,84,89,58,Compost
38,57,Loamy,Wheat,43,55,89,Compost
38,61,Loamy,Maize,65,24,60,DAP
21,71,Sandy,Wheat,75,8,35,DAP
28,57,Loamy,Maize,41,60,45,Compost
37,35,Loamy,Wheat,79,14,47,DAP
27,42,Clay,Cassava,59,56,70,Compost
36,79,Loamy,Cassava,56,12,46,DAP
20,58,Sandy,Rice,34,73,82,Compost
24,36,Loamy,Cassava,44,12,9,DAP
21,35,Sandy,Wheat,59,46,39,Compost
26,75,Clay,Cassava,45,85,12,NPK
20,88,Clay,Maize,59,32,3,NPK
29,32,Clay,Wheat,98,27,69,DAP
25,84,Sandy,Wheat,86,96,15,NPK
24,70,Loamy,Maize,46,75,68,Compost
24,60,Loamy,Rice,43,26,98,DAP
26,78,Clay,Wheat,17,96,88,Urea
24,88,Loamy,Maize,38,60,62,Compost
37,46,Loamy,Cassava,70,53,98,Compost
31,64,Clay,Maize,43,67,24,NPK
35,61,Loamy,Cassava,3,37,62,Urea
34,30,Clay,Maize,85,61,63,Compost
36,43,Sandy,Rice,34,12,34,DAP
30,31,Clay,Maize,50,53,15,NPK
37,36,Sandy,Wheat,40,93,41,Compost
28,36,Clay,Wheat,39,82,36,Compost
21,71,Clay,Maize,94,79,55,Compost
31,86,Loamy,Wheat,31,73,17,NPK
23,38,Clay,Rice,7,63,6,Urea
28,69,Clay,Maize,65,78,92,Compost
37,77,Loamy,Wheat,5,37,25,Urea
30,55,Sandy,Wheat,91,98,30,Compost
32,83,Clay,Wheat,78,17,61,DAP
35,78,Sandy,Cassava,34,44,34,Compost
26,67,Sandy,Wheat,14,20,51,Urea
22,71,Sandy,Cassava,82,54,86,Compost
32,73,Sandy,Cassava,92,87,79,Compost
34,45,Clay,Wheat,37,10,66,DAP
34,30,Clay,Maize,48,95,72,Compost
32,72,Sandy,Wheat,96,70,11,NPK
39,84,Clay,Maize,35,66,0,NPK
37,56,Sandy,Cassava,39,96,83,Compost
33,65,Sandy,Cassava,78,5,32,DAP
38,42,Sandy,Maize,69,78,79,Compost
35,39,Loamy,Maize,40,48,16,NPK
36,85,Sandy,Rice,43,73,54,Compost
38,58,Loamy,Wheat,18,6,25,Urea
34,76,Loamy,Cassava,79,65,94,Compost
26,59,Clay,Rice,61,70,99,Compost
39,68,Sandy,Wheat,4,54,92,Urea
38,55,Sandy,Cassava,93,52,29,NPK
22,88,Loamy,Cassava,6,48,72,Urea
28,71,Sandy,Cassava,53,68,92,Compost
22,56,Clay,Wheat,31,83,63,Compost
29,42,Clay,Maize,34,60,53,Compost
27,58,Clay,Maize,29,85,20,Urea
31,40,Loamy,Rice,40,65,97,Compost
22,45,Clay,Wheat,86,83,24,NPK
37,71,Clay,Maize,16,25,22,Urea
39,77,Sandy,Rice,87,30,26,NPK
21,86,Loamy,Wheat,12,99,34,Urea
31,83,Clay,Wheat,65,5,30,DAP
29,73,Sandy,Rice,73,22,2,DAP
39,39,Sandy,Maize,51,45,33,Compost
24,49,Sandy,Maize,71,70,69,Compost
30,73,Loamy,Cassava,92,88,62,Compost
33,32,Loamy,Wheat,9,26,11,Urea
26,46,Sandy,Wheat,25,14,32,Urea
24,76,Clay,Cassava,64,71,75,Compost
38,54,Sandy,Wheat,62,11,62,DAP
32,57,Sandy,Cassava,69,7,67,DAP
24,54,Loamy,Wheat,38,22,67,DAP
39,33,Loamy,Cassava,20,55,65,Urea
26,78,Sandy,Wheat,86,97,74,Compost
21,62,Loamy,Rice,62,86,40,Compost
21,89,Clay,Rice,14,41,92,Urea
36,89,Sandy,Rice,35,72,79,Compost
23,77,Clay,Maize,94,69,73,Compost
35,33,Loamy,Rice,76,79,92,Compost
25,55,Clay,Wheat,92,2,51,DAP
29,89,Loamy,Cassava,64,51,89,Compost
31,43,Sandy,Wheat,67,27,70,DAP
29,80,Sandy,Rice,99,65,89,Compost
37,43,Loamy,Wheat,53,42,41,Compost
36,75,Loamy,Wheat,18,65,38,Urea
28,89,Clay,Wheat,53,24,17,DAP
30,68,Sandy,Wheat,24,62,95,Urea
32,88,Loamy,Maize,60,99,50,Compost
21,38,Loamy,Rice,4,61,68,Urea
39,51,Sandy,Cassava,67,8,92,DAP
29,45,Loamy,Maize,60,50,9,NPK
25,78,Sandy,Rice,69,62,55,Compost
34,54,Clay,Cassava,49,3,47,DAP
38,81,Clay,Rice,33,35,69,Compost
30,75,Clay,Maize,18,97,88,Urea
36,70,Sandy,Cassava,93,53,54,Compost
38,64,Sandy,Cassava,64,67,27,NPK
37,55,Clay,Cassava,56,5,0,DAP
27,62,Clay,Cassava,84,87,24,NPK
34,84,Sandy,Cassava,82,92,9,NPK
31,62,Clay,Maize,60,9,30,DAP
25,46,Loamy,Maize,81,61,89,Compost
36,83,Sandy,Maize,31,87,79,Compost
30,61,Loamy,Cassava,34,32,17,NPK
24,42,Loamy,Maize,89,80,63,Compost
20,54,Loamy,Cassava,9,83,6,Urea
35,66,Sandy,Wheat,11,16,47,Urea
39,55,Clay,Rice,11,20,41,Urea
21,36,Sandy,Cassava,14,64,89,Urea
22,54,Loamy,Cassava,78,85,5,NPK
39,44,Sandy,Cassava,92,95,31,Compost
24,33,Loamy,Rice,98,80,55,Compost
21,42,Loamy,Rice,14,68,2,Urea
24,66,Sandy,Cassava,62,34,51,Compost
37,87,Sandy,Wheat,25,47,39,Urea
36,69,Clay,Maize,7,55,30,Urea
31,77,Clay,Wheat,82,62,73,Compost
26,41,Sandy,Wheat,70,53,77,Compost
30,36,Sandy,Rice,92,72,99,Compost
35,39,Clay,Wheat,94,16,8,DAP
32,62,Loamy,Maize,87,8,6,DAP
35,48,Clay,Rice,10,75,60,Urea
29,42,Clay,Maize,73,19,49,DAP
23,57,Sandy,Maize,11,98,39,Urea
21,79,Sandy,Maize,8,61,85,Urea
34,34,Sandy,Wheat,21,37,18,Urea
35,60,Clay,Cassava,86,41,81,Compost
32,87,Loamy,Cassava,86,2,54,DAP
31,56,Clay,Maize,23,71,8,Urea
33,66,Loamy,Maize,82,52,79,Compost
31,50,Clay,Cassava,61,69,68,Compost
33,82,Sandy,Rice,49,60,3,NPK
27,53,Clay,Maize,84,56,89,Compost
30,77,Sandy,Cassava,79,89,32,Compost
35,76,Loamy,Wheat,71,70,33,Compost
31,82,Loamy,Wheat,42,72,73,Compost
36,41,Loamy,Cassava,40,52,28,NPK
25,88,Sandy,Maize,63,23,88,DAP
35,81,Loamy,Maize,84,3,97,DAP
25,70,Sandy,Rice,70,85,50,Compost
20,58,Clay,Rice,56,78,81,Compost
22,79,Loamy,Rice,41,10,26,DAP
22,68,Clay,Rice,76,44,87,Compost
38,52,Sandy,Rice,30,91,21,NPK
31,57,Sandy,Maize,50,6,5,DAP
38,48,Clay,Maize,35,39,92,Compost
35,34,Sandy,Rice,41,44,89,Compost
33,68,Sandy,Wheat,5,6,36,Urea
37,52,Loamy,Cassava,0,67,43,Urea
34,64,Clay,Cassava,59,89,51,Compost
27,72,Sandy,Cassava,95,68,83,Compost
33,89,Loamy,Cassava,69,57,99,Compost
27,80,Clay,Maize,76,31,79,Compost
20,42,Clay,Rice,10,52,7,Urea
27,61,Loamy,Maize,2,99,90,Urea
39,76,Clay,Rice,26,44,91,Urea
29,73,Loamy,Maize,45,13,7,DAP
35,43,Sandy,Wheat,81,6,78,DAP
36,80,Clay,Maize,72,55,55,Compost
34,86,Loamy,Cassava,87,96,15,NPK
27,58,Clay,Maize,94,39,53,Compost
33,88,Sandy,Rice,52,26,46,DAP
35,80,Loamy,Cassava,96,43,17,NPK
35,41,Sandy,Wheat,58,92,93,Compost
20,87,Sandy,Cassava,46,28,85,DAP
32,42,Sandy,Wheat,14,35,12,Urea
31,66,Clay,Wheat,77,75,35,Compost
39,69,Sandy,Wheat,92,26,0,DAP
39,63,Sandy,Maize,6,64,2,Urea
31,80,Clay,Cassava,53,79,73,Compost
25,58,Sandy,Maize,59,21,23,DAP
36,50,Clay,Rice,10,55,70,Urea
29,68,Sandy,Wheat,47,56,20,NPK
37,64,Clay,Maize,76,50,75,Compost
24,35,Clay,Rice,7,72,90,Urea
23,50,Clay,Maize,24,14,34,Urea
36,72,Sandy,Maize,56,41,46,Compost
33,33,Sandy,Wheat,33,75,96,Compost
39,34,Loamy,Rice,87,6,35,DAP
25,45,Clay,Rice,22,11,92,Urea
31,77,Clay,Maize,48,20,14,DAP
33,71,Clay,Rice,62,67,26,NPK
28,82,Clay,Maize,52,56,51,Compost
30,72,Clay,Maize,41,3,68,DAP
24,40,Clay,Maize,91,79,40,Compost
23,31,Loamy,Cassava,20,69,42,Urea
37,73,Sandy,Maize,83,27,25,DAP
37,48,Clay,Maize,99,94,48,Compost
36,84,Clay,Rice,68,14,46,DAP
22,48,Clay,Rice,3,87,30,Urea
32,88,Sandy,Cassava,74,36,64,Compost
28,46,Loamy,Maize,2,25,52,Urea
29,37,Sandy,Wheat,21,14,55,Urea
29,49,Sandy,Cassava,86,52,52,Compost
20,31,Loamy,Cassava,61,77,71,Compost
25,41,Loamy,Cassava,28,14,45,Urea
20,89,Clay,Wheat,56,2,17,DAP
39,89,Loamy,Wheat,92,88,59,Compost
26,37,Clay,Rice,21,92,32,Urea
25,74,Loamy,Cassava,66,82,9,NPK
34,40,Clay,Rice,23,76,95,Urea
24,33,Sandy,Maize,56,97,36,Compost
35,36,Sandy,Wheat,11,20,10,Urea
31,80,Loamy,Wheat,43,77,97,Compost
21,54,Sandy,Wheat,63,89,15,NPK
29,74,Loamy,Cassava,82,5,18,DAP
39,80,Loamy,Rice,66,37,28,NPK
34,52,Clay,Rice,45,82,27,NPK
29,76,Clay,Rice,66,6,54,DAP
35,60,Loamy,Cassava,27,80,27,Urea
38,66,Clay,Wheat,12,76,42,Urea
30,77,Clay,Maize,53,49,27,NPK
38,33,Loamy,Rice,38,33,96,Compost
31,71,Sandy,Wheat,1,27,73,Urea
36,55,Clay,Cassava,71,83,75,Compost
22,46,Sandy,Rice,85,56,96,Compost
31,66,Sandy,Cassava,63,78,85,Compost
30,69,Sandy,Rice,59,97,47,Compost
22,71,Clay,Wheat,32,43,91,Compost
24,77,Sandy,Wheat,80,87,20,NPK
21,60,Sandy,Rice,75,43,11,NPK
38,86,Sandy,Wheat,23,23,59,Urea
30,42,Clay,Wheat,73,71,63,Compost
39,37,Sandy,Cassava,77,27,1,DAP
30,37,Sandy,Maize,91,34,22,NPK
33,44,Loamy,Maize,75,63,51,Compost
23,32,Sandy,Cassava,46,82,1,NPK
31,66,Loamy,Maize,77,27,90,DAP
29,32,Loamy,Wheat,62,24,85,DAP
35,68,Clay,Rice,20,29,91,Urea
39,55,Clay,Rice,20,0,36,Urea
32,50,Loamy,Maize,16,46,84,Urea
26,88,Loamy,Rice,11,63,5,Urea
